pmcid,pmc_version,license_code,doi,n_images,n_questions,title,citation
PMC10037267,1,CC BY-NC,10.1093/inthealth/ihad005,1,2,"Exploring the impact of COVID-19 on frontline health workers through a photovoice study in Kaduna, Kwara and Ogun States, Nigeria",Int Health. 2023 Mar 24;15(Suppl 1):i110–25. doi: 10.1093/inthealth/ihad005
PMC10155245,1,CC BY-NC-SA,,1,2,XXXYY variant of Klinefelter syndrome: A case report,Int J Health Sci (Qassim). 2023 May-Jun;17(3):39–45.
PMC10201150,1,CC BY-NC,10.1177/24730114231172734,1,2,"Functional, Spiroergometric, and Subjective Comparisons Between Forearm Crutches and Hands-Free Single Crutches in a Crossover Study",Foot Ankle Orthop. 2023 May 19;8(2):24730114231172734. doi: 10.1177/24730114231172734
PMC10226617,1,CC BY-NC-ND,10.1097/GOX.0000000000005027,3,6,Modified Reconstruction Technique to Adapt Management of Severe Group IIB Tanzer Constricted Ear Deformity,Plast Reconstr Surg Glob Open. 2023 May 30;11(5):e5027. doi: 10.1097/GOX.0000000000005027
PMC10280516,1,CC BY-NC,10.1177/11795735231181467,1,2,Neurological Phenotypes of IRF2BPL Gene Variants: A Report of Four Novel Variants,J Cent Nerv Syst Dis. 2023 Jun 13;15:11795735231181467. doi: 10.1177/11795735231181467
PMC10324324,1,CC BY-NC,10.26603/001c.74973,1,2,"The Golfer’s Fore, Fore +, and Advanced Fore + Exercise Program: An Exercise Series and Injury Prevention Program for the Golfer",Int J Sports Phys Ther. 2023 Jun 1;18(3):789–99. doi: 10.26603/001c.74973
PMC10327876,1,CC BY-NC,10.1093/asjof/ojad047,1,2,A Novel Technique for the Permanent Restoration of Pretarsal Fullness of the Lower Eyelids,Aesthet Surg J Open Forum. 2023 Jun 16;5:ojad047. doi: 10.1093/asjof/ojad047
PMC10331090,1,CC BY-NC,10.1177/20552076231186217,1,2,Core stability status classification based on mediolateral head motion during rhythmic movements and functional movement tests,Digit Health. 2023 Jul 4;9:20552076231186217. doi: 10.1177/20552076231186217
PMC10351943,1,CC BY-NC-ND,10.1097/GOX.0000000000005121,1,2,Distal Bypass to the Deep Palmar Arch for Treatment of a Unique Presentation of Digital Ischemia,Plast Reconstr Surg Glob Open. 2023 Jul 17;11(7):e5121. doi: 10.1097/GOX.0000000000005121
PMC10367283,1,CC BY-NC,10.5005/jp-journals-10005-2605,1,2,Global Developmental Delay in Children with Full Mouth Rehabilitation: A Case Series,Int J Clin Pediatr Dent. 2023 May-Jun;16(3):522–7. doi: 10.5005/jp-journals-10005-2605
PMC10416782,1,CC BY-NC,10.2147/CCIDE.S419939,1,2,Prosthodontic Management of a Patient with Ectodermal Dysplasia: Case Report,Clin Cosmet Investig Dent. 2023 Aug 7;15:133–41. doi: 10.2147/CCIDE.S419939
PMC10423672,1,CC BY-NC-ND,10.1142/S1013702523500051,1,2,Sagittal trunk excursion and lumbar repositioning error between female and male patients with patellofemoral pain syndrome,Hong Kong Physiother J. 2023 Mar 10;43(2):81–91. doi: 10.1142/S1013702523500051
PMC10432451,1,CC BY-NC-ND,10.1111/os.13445,1,2,Clinical Application of Nail‐Plate Fixation in the Treatment of Complex Proximal Third Humeral Fracture: A Case Report and Literature Review,Orthop Surg. 2022 Sep 2;15(8):2187–92. doi: 10.1111/os.13445
PMC10474390,1,CC BY-NC,10.5005/jp-journals-10005-2623,1,2,Dermatoglyphics: Prediction for Prevention: An Innovative Tool in our Stash!,Int J Clin Pediatr Dent. 2023 Aug;16(Suppl 1):S101–8. doi: 10.5005/jp-journals-10005-2623
PMC10497337,1,CC BY-NC-ND,10.1055/s-0042-1759692,1,2,Facial Feminization Surgery: Preoperative Planning and Surgical Technique for a Harmonious Outcome,Indian J Plast Surg. 2023 Jun 23;56(4):298–309. doi: 10.1055/s-0042-1759692
PMC10562057,1,CC BY-NC-ND,10.1055/s-0043-1769498,1,2,Noise Exposure and Hearing Loss among Workers at a Hammer Forge Company,Semin Hear. 2023 Jun 16;44(4):485–502. doi: 10.1055/s-0043-1769498
PMC10583076,1,CC BY-NC,10.1136/bmjgh-2023-012727,1,2,Hear my voice: understanding how community health workers in the Peruvian Amazon expanded their roles to mitigate the impact of the COVID-19 pandemic through community-based participatory research,BMJ Glob Health. 2023 Oct 13;8(10):e012727. doi: 10.1136/bmjgh-2023-012727
PMC10626592,1,CC BY-NC-ND,10.12659/AJCR.939595,1,2,Painless Orbital Bone Infarction in a Child with Sickle Cell Anemia: A Case of Misdiagnosed Periorbital Cellulitis,Am J Case Rep. 2023 Nov 2;24:e939595-1–6. doi: 10.12659/AJCR.939595
PMC10679920,1,CC BY-NC-SA,10.5114/hpr.2022.115795,1,2,Living with COVID-19: emotions and health during the pandemic,Health Psychol Rep. 2022 May 4;10(3):212–26. doi: 10.5114/hpr.2022.115795
PMC10693490,1,CC BY-NC,10.26603/001c.89926,2,4,Neurocognitive and Reactive Return to Play Testing Protocol in Overhead Athletes Following Upper Extremity Injury,Int J Sports Phys Ther. 2023 Dec 1;18(6):1364–75. doi: 10.26603/001c.89926
PMC10721370,1,CC BY-NC-ND,10.1055/s-0043-1775866,1,2,“Lid Switch Flap” for Subtotal Upper Eyelid Reconstruction: Where the Flap Pedicle and the Point of Rotation Should be Located,Indian J Plast Surg. 2023 Oct 16;56(6):530–4. doi: 10.1055/s-0043-1775866
PMC10729832,1,CC BY-NC,10.2147/IMCRJ.S438833,2,4,"The Forgotten Disease in the 21st Century: Scurvy Outbreak in Hawassa Central Prison, Hawassa, Sidama, Southern Ethiopia, 2023",Int Med Case Rep J. 2023 Dec 15;16:847–66. doi: 10.2147/IMCRJ.S438833
PMC10761629,1,CC BY-NC,10.26603/001c.90707,1,2,Physically Active Adults with Low Back Pain do not Demonstrate Altered Deadlift Mechanics: A Novel Application of Myotonometry to Estimate Inter-Muscular Load Sharing,Int J Sports Phys Ther. 2024 Jan 2;19(1):1462–72. doi: 10.26603/001c.90707
PMC10781125,1,CC BY-NC-ND,10.1097/GOX.0000000000005517,1,2,Nuchal-type Fibroma Induced by Repetitive Trauma from Weightlifting: Case Report and Comprehensive Review of Literature,Plast Reconstr Surg Glob Open. 2024 Jan 10;12(1):e5517. doi: 10.1097/GOX.0000000000005517
PMC10805042,1,CC BY-NC,10.14744/SEMB.2023.77200,1,2,Acute Effect of Transcutaneous Auricular Vagus Nerve Stimulation on Hand Tremor in Parkinson's Disease: A Pilot Study of Case Series,Sisli Etfal Hastan Tip Bul. 2023 Dec 29;57(4):513–9. doi: 10.14744/SEMB.2023.77200
PMC10823833,1,CC BY-NC-SA,10.13107/jocr.2024.v14.i01.4176,1,2,A Rare Case of Grisel’s Syndrome in A 6-Year-Old Child,J Orthop Case Rep. 2024 Jan;14(1):137–40. doi: 10.13107/jocr.2024.v14.i01.4176
PMC10837815,1,CC BY-NC,10.26603/001c.91642,1,2,Clinical Diagnosis of Scapular Dyskinesis in a Youth Softball Pitcher: A Case Report,Int J Sports Phys Ther. 2024 Feb 1;19(2):238–44. doi: 10.26603/001c.91642
PMC10849436,1,CC BY-NC-ND,10.1097/MS9.0000000000001602,1,2,Epidermodysplasia verruciformis arising in a female with systemic lupus erythematosus: a rare case from Syria,Ann Med Surg (Lond). 2024 Jan 3;86(2):1101–5. doi: 10.1097/MS9.0000000000001602
PMC10929313,1,CC BY-NC-ND,10.21037/aoj-23-3,6,12,"A clinical practice review of therapeutic movement-based anterior cruciate ligament reconstruction return to sports bridge program: the biological, biomechanical and behavioral rationale",Ann Jt. 2023 Jul 3;8:23. doi: 10.21037/aoj-23-3
PMC10978500,1,CC BY-NC,10.5005/jp-journals-10005-2746,1,2,Prosthetic Management of an Eviscerated Eye of a 13-month-old Patient: A Case Report,Int J Clin Pediatr Dent. 2024 Jan;17(1):89–91. doi: 10.5005/jp-journals-10005-2746
PMC11003818,1,CC BY-NC,10.1093/rap/rkae022,1,2,Current and future advances in practice: tendinopathies of the hip,Rheumatol Adv Pract. 2024 Apr 10;8(2):rkae022. doi: 10.1093/rap/rkae022
PMC11043999,1,CC BY-NC-SA,10.13107/jocr.2024.v14.i04.4396,1,2,Tension Band Wiring in Gap Non-union Patella – A Simple Technique with Profound Results: Case Report,J Orthop Case Rep. 2024 Apr;14(4):160–4. doi: 10.13107/jocr.2024.v14.i04.4396
PMC11088804,1,CC BY-NC,10.1177/20556683241240488,1,2,Acute orthostatic responses during early mobilisation of patients with acquired brain injury - Innowalk pro versus standing frame,J Rehabil Assist Technol Eng. 2024 May 10;11:20556683241240488. doi: 10.1177/20556683241240488
PMC11097739,1,CC BY-NC,10.1177/11779322241231108,1,2,Human Pose Estimation for Clinical Analysis of Gait Pathologies,Bioinform Biol Insights. 2024 May 15;18:11779322241231108. doi: 10.1177/11779322241231108
PMC11144659,1,CC BY-NC,10.26603/001c.117773,1,2,Rehabilitation Following ACL Repair with Internal Brace Ligament Augmentation in Female Gymnast: A Resident’s Case Report,Int J Sports Phys Ther. 2024 Jun 1;19(6):745–57. doi: 10.26603/001c.117773
PMC11232788,1,CC BY-NC-SA,10.4103/jwas.jwas_132_23,1,2,Optical iridectomy: A stop-gap for penetrating keratoplasty in a resource-limited setting,J West Afr Coll Surg. 2024 May 24;14(3):352–4. doi: 10.4103/jwas.jwas_132_23
PMC11264825,1,CC BY-NC-SA,10.1017/wtc.2020.10,1,1,Design and preliminary evaluation of a flexible exoskeleton to assist with lifting,Wearable Technol. 2021 Jan 11;1:e10. doi: 10.1017/wtc.2020.10
PMC11295862,1,CC BY-NC-ND,10.1016/j.heliyon.2024.e34255,1,2,Effects of 12 weeks of head-down strong abdominal breathing on motor and cognitive performance during dual-tasking in patients with chronic obstructive pulmonary disease: Study protocol for a randomised controlled trial,Heliyon. 2024 Jul 8;10(14):e34255. doi: 10.1016/j.heliyon.2024.e34255
PMC11297479,1,CC BY-NC,10.26603/001c.120900,1,2,Rehabilitation of an Upper Extremity Weight-Bearing Athlete with an Ulnar Collateral Ligament Injury: A Case Report,Int J Sports Phys Ther. 2024 Aug 1;19(8):1034–43. doi: 10.26603/001c.120900
PMC11299288,1,CC BY-NC-ND,10.1186/s12984-024-01423-9,2,4,Smart ArM: a customizable and versatile robotic arm prosthesis platform for Cybathlon and research,J Neuroeng Rehabil. 2024 Aug 5;21:136. doi: 10.1186/s12984-024-01423-9
PMC11307015,1,CC BY-NC,10.3233/PRM-220121,1,2,Rehabilitation and functional outcomes for thoraco-omphalo-ischiopagus conjoined twins five years after separation: A case report,J Pediatr Rehabil Med. 2024 Jun 26;17(2):261–9. doi: 10.3233/PRM-220121
PMC11339470,1,CC BY-NC,10.5005/jp-journals-10005-2738,1,2,The Effect of Three-point Acupressure Therapy on Anxiety Levels in Children Undergoing Dental Procedures,Int J Clin Pediatr Dent. 2024 Feb;17(2):136–42. doi: 10.5005/jp-journals-10005-2738
PMC11407576,1,CC BY-NC-SA,10.4103/ijd.ijd_712_23,1,2,"Sparse Hair, Missing Teeth, Dry Skin: An Uncommon but Classic Condition",Indian J Dermatol. 2024 Aug 19;69(4):366. doi: 10.4103/ijd.ijd_712_23
PMC11408788,1,CC BY-NC-ND,10.1016/j.heliyon.2024.e35291,1,2,Effect of expressway exit deceleration markings on distracted drivers in China,Heliyon. 2024 Aug 2;10(17):e35291. doi: 10.1016/j.heliyon.2024.e35291
PMC11412701,1,CC BY-NC-ND,10.1097/GOX.0000000000006190,1,2,A Novel Hybrid Injectable for Soft-tissue Augmentation: Analysis of Data and Practical Experience,Plast Reconstr Surg Glob Open. 2024 Sep 19;12(9):e6190. doi: 10.1097/GOX.0000000000006190
PMC11438088,1,CC BY-NC-ND,10.1186/s12903-024-04859-6,5,9,“Mucopolysaccharidosis syndrome in a 9-Year-old boy: oral-dental management and diagnostic considerations”: a case report,BMC Oral Health. 2024 Sep 27;24:1140. doi: 10.1186/s12903-024-04859-6
PMC11458240,1,CC BY-NC-SA,10.13107/jocr.2024.v14.i10.4826,1,2,Sclerotherapy as a Primary or Salvage Procedure For Aneurysmal Bone Cyst: A Case Report,J Orthop Case Rep. 2024 Oct;14(10):102–6. doi: 10.13107/jocr.2024.v14.i10.4826
PMC11463044,1,CC BY-NC,10.33393/aop.2024.3049,1,2,Intra- and inter-rater reliability of goniometric finger range of motion using a written protocol,Arch Physiother. 2024 Oct 8;14:83–8. doi: 10.33393/aop.2024.3049
PMC2872008,1,CC BY-NC,10.1007/s00266-009-9414-0,3,6,ArteFill® Permanent Injectable for Soft Tissue Augmentation: II. Indications and Applications,Aesthetic Plast Surg. 2009 Sep 29;34(3):273–86. doi: 10.1007/s00266-009-9414-0
PMC2938632,1,CC BY-NC-SA,10.4103/0970-0358.63957,1,2,Mammoth orbitofrontal neurofibromatosis with herniating meningo-encephalocele,Indian J Plast Surg. 2010 Jan-Jun;43(1):81–3. doi: 10.4103/0970-0358.63957
PMC2962780,1,CC BY-NC,10.1007/s00431-010-1253-0,1,2,Clinical practice: The care of children with Down syndrome,Eur J Pediatr. 2010 Jul 15;169(12):1445–52. doi: 10.1007/s00431-010-1253-0
PMC3115275,1,CC BY-NC-SA,10.4103/2152-7806.81735,1,2,Cranioplasty with subcutaneously preserved autologous bone grafts in abdominal wall—Experience with 75 cases in a post-war country Kosova,Surg Neurol Int. 2011 May 28;2:72. doi: 10.4103/2152-7806.81735
PMC3146709,1,CC BY-NC,10.1007/s00266-010-9650-3,1,2,Vertical Subperiosteal Mid-face-lift for Treatment of Malar Festoons,Aesthetic Plast Surg. 2011 Mar 17;35(4):522–9. doi: 10.1007/s00266-010-9650-3
PMC3162774,1,CC BY-NC-SA,10.4103/1817-1745.57328,1,2,Pediatric craniofacial surgery for craniosynostosis: Our experience and current concepts: Parts -2,J Pediatr Neurosci. 2009 Jul-Dec;4(2):100–7. doi: 10.4103/1817-1745.57328
PMC3183721,1,CC BY-NC-SA,10.4103/0974-2077.85042,2,4,Conchal Defect Correction by Hinge Flap and Transposition Flap,J Cutan Aesthet Surg. 2011 May-Aug;4(2):138–40. doi: 10.4103/0974-2077.85042
PMC3199820,1,CC BY-NC-ND,10.3205/cto000055,1,2,Implant-retained craniofacial prostheses for facial defects,GMS Curr Top Otorhinolaryngol Head Neck Surg. 2011 Mar 10;8:Doc03. doi: 10.3205/cto000055
PMC3199840,1,CC BY-NC-ND,,1,2,Reconstruction of the auricle,GMS Curr Top Otorhinolaryngol Head Neck Surg. 2008 Mar 14;6:Doc02.
PMC3199843,1,CC BY-NC-ND,,9,17,Complications of auricular correction,GMS Curr Top Otorhinolaryngol Head Neck Surg. 2008 Mar 14;6:Doc03.
PMC3201006,1,CC BY-NC-ND,,3,6,Diagnostic and therapeutic-restorative procedures for masticatory dysfunctions,GMS Curr Top Otorhinolaryngol Head Neck Surg. 2005 Sep 28;4:Doc19.
PMC3203725,1,CC BY-NC-ND,,1,2,Bilateral SMAS rhytidectomy in parotid recurrent pleomorphic adenoma,Acta Otorhinolaryngol Ital. 2011 Aug;31(4):256–8.
PMC3208920,1,CC BY-NC-SA,10.4103/1817-1745.85704,1,2,Hydrocephalus Indian scenario – A review,J Pediatr Neurosci. 2011 Oct;6(Suppl1):S11–22. doi: 10.4103/1817-1745.85704
PMC3208921,1,CC BY-NC-SA,10.4103/1817-1745.85705,1,2,Craniostenosis,J Pediatr Neurosci. 2011 Oct;6(Suppl1):S23–6. doi: 10.4103/1817-1745.85705
PMC3214312,1,CC BY-NC-SA,10.4103/0971-6866.86199,1,2,"Congenital erythropoietic porphyria with two mutations of the uroporphyrinogen III synthase gene (Cys73Arg, Thr228Met)",Indian J Hum Genet. 2011 May-Aug;17(2):104–7. doi: 10.4103/0971-6866.86199
PMC3232561,1,CC BY-NC-SA,,1,2,A brief history of cardiac pacing,Images Paediatr Cardiol. 2006 Apr-Jun;8(2):17–81.
PMC3276866,1,CC BY-NC-SA,10.4103/0976-237X.91802,1,2,Non-rigid connector: The wand to allay the stresses on abutment,Contemp Clin Dent. 2011 Oct-Dec;2(4):351–4. doi: 10.4103/0976-237X.91802
PMC3304204,1,CC BY-NC-SA,10.4103/0975-5950.79217,2,4,Surgical–orthodontic treatment of a skeletal class III malocclusion,Natl J Maxillofac Surg. 2010 Jul-Dec;1(2):143–9. doi: 10.4103/0975-5950.79217
PMC3326850,1,CC BY-NC-SA,10.4103/2589-0557.93824,1,1,Immune reconstitution disease or mycobacteria other than tuberculosis or both: A dilemma in a patient of AIDS,Indian J Sex Transm Dis AIDS. 2012 Jan-Jun;33(1):44–6. doi: 10.4103/2589-0557.93824
PMC3334490,1,CC BY-NC,10.1007/s10728-011-0176-x,1,2,The Photo-Instrument as a Health Care Intervention,Health Care Anal. 2011 May 20;20(2):177–95. doi: 10.1007/s10728-011-0176-x
PMC3339071,1,CC BY-NC-SA,10.4103/0301-4738.94053,2,4,Principles and practice of external digital photography in ophthalmology,Indian J Ophthalmol. 2012 Mar-Apr;60(2):119–25. doi: 10.4103/0301-4738.94053
PMC3371544,1,CC BY-NC-SA,10.4103/0019-5154.96227,1,2,A Study on Cutaneous Manifestations of Thyroid Disease,Indian J Dermatol. 2012 May-Jun;57(3):247–8. doi: 10.4103/0019-5154.96227
PMC3373998,1,CC BY-NC,10.5792/ksrr.2012.24.2.113,1,2,Correlation between Hamstring Flexor Power Restoration and Functional Performance Test: 2-Year Follow-Up after ACL Reconstruction Using Hamstring Autograft,Knee Surg Relat Res. 2012 May 31;24(2):113–9. doi: 10.5792/ksrr.2012.24.2.113
PMC3400879,1,CC BY-NC,10.5535/arm.2012.36.3.386,1,2,Effect of Lower Limb Strength on Falls and Balance of the Elderly,Ann Rehabil Med. 2012 Jun 30;36(3):386–93. doi: 10.5535/arm.2012.36.3.386
PMC3442473,1,CC BY-NC-SA,10.4103/0301-4738.98720,1,2,Spontaneous globe luxation associated with chronic obstructive pulmonary disease,Indian J Ophthalmol. 2012 Jul-Aug;60(4):324–5. doi: 10.4103/0301-4738.98720
PMC3443699,1,CC BY-NC,10.5491/SHAW.2012.3.3.235,1,1,Asbestos Exposure among Mitering Workers,Saf Health Work. 2012 Aug 30;3(3):235–40. doi: 10.5491/SHAW.2012.3.3.235
PMC3445997,1,CC BY-NC,,1,2,Goldenhar Syndrome in an Infant of Diabetic Mother,Iran J Pediatr. 2010 Mar;20(1):131–4.
PMC3564104,1,CC BY-NC,,1,2,Treatment of Bilateral Macrostomia (Lateral Lip Cleft): Case Report,Iran J Pediatr. 2012 Sep;22(3):425–7.
PMC3597930,1,CC BY-NC,10.4047/jap.2013.5.1.9,1,2,A determination of occlusal plane comparing different levels of the tragus to form ala-tragal line or Camper's line: A photographic study,J Adv Prosthodont. 2013 Feb 28;5(1):9–15. doi: 10.4047/jap.2013.5.1.9
PMC3612208,1,CC BY-NC-SA,10.4103/1735-3327.104890,1,2,Infantile hemiplegia in pediatric dental set-up,Dent Res J (Isfahan). 2012 Sep-Oct;9(5):651–4. doi: 10.4103/1735-3327.104890
PMC3612336,1,CC BY-NC-SA,10.4103/0975-7406.106561,1,2,Current interventions in the management of knee osteoarthritis,J Pharm Bioallied Sci. 2013 Jan-Mar;5(1):30–8. doi: 10.4103/0975-7406.106561
PMC3633325,1,CC BY-NC,10.3109/03009734.2012.744374,1,2,"Immobilizing performances, comfort, and user-friendliness of the shoulder abduction-external rotation braces",Ups J Med Sci. 2013 May;118(2):105–10. doi: 10.3109/03009734.2012.744374
PMC3633391,1,CC BY-NC,10.5455/msm.2012.24.242-247,1,2,Early and Correct Diagnosis of Celiac Disease in the Prevention of Growth Disorders and Child Development,Mater Sociomed. 2012;24(4):242–7. doi: 10.5455/msm.2012.24.242-247
PMC3640229,1,CC BY-NC-SA,10.4103/2152-7806.110146,1,2,"Violence, mental illness, and the brain – A brief history of psychosurgery: Part 1 – From trephination to lobotomy",Surg Neurol Int. 2013 Apr 5;4:49. doi: 10.4103/2152-7806.110146
PMC3664391,1,CC BY-NC,10.1136/medhum-2012-010274,1,2,Identifying the patient in George W Lambert's Chesham Street,Med Humanit. 2013 Jan 24;39(1):20–8. doi: 10.1136/medhum-2012-010274
PMC3665107,1,CC BY-NC-SA,10.4103/0974-8520.108852,2,3,Importance of Rookshana Karma (dehydrating therapy) in the management of transverse myelitis,Ayu. 2012 Jul-Sep;33(3):402–5. doi: 10.4103/0974-8520.108852
PMC3690728,1,CC BY-NC,10.5812/asjsm.34488,1,2,Patellofemoral Pain Syndrome and Modifiable Intrinsic Risk Factors; How to Assess and Address?,Asian J Sports Med. 2013 Feb 12;4(2):85–100. doi: 10.5812/asjsm.34488
PMC3700156,1,CC BY-NC-SA,10.4103/0975-5950.111380,1,2,Unilateral coronoid hyperplasia treated by coronoidectomy using a transzygomatic approach,Natl J Maxillofac Surg. 2012 Jul-Dec;3(2):195–8. doi: 10.4103/0975-5950.111380
PMC3703682,1,CC BY-NC-SA,10.4103/0976-237X.111632,1,2,Aesthetic rehabilitation with multiple loop connectors,Contemp Clin Dent. 2013 Jan-Mar;4(1):112–5. doi: 10.4103/0976-237X.111632
PMC3740470,1,CC BY-NC,,1,2,Management of Bilateral Congenital Upper Eyelid Eversion with Severe Chemosis,J Ophthalmic Vis Res. 2013 Apr;8(2):175–8.
PMC3740664,1,CC BY-NC-SA,10.4103/0975-7406.114314,1,2,Ectodermal dysplasia in identical twins,J Pharm Bioallied Sci. 2013 Jul;5(Suppl 2):S150–3. doi: 10.4103/0975-7406.114314
PMC3776668,1,CC BY-NC-ND,10.2478/bjmg-2013-0010,1,2,16p Subtelomeric Duplication with Vascular Anomalies: an Albanian Case Report and Literature Review,Balkan J Med Genet. 2013 Apr 2;15(2):73–6. doi: 10.2478/bjmg-2013-0010
PMC3800386,1,CC BY-NC-SA,10.4103/0975-5950.117886,1,2,Relevance of anterior mandibular body ostectomy in mandibular prognathism,Natl J Maxillofac Surg. 2013 Jan-Jun;4(1):57–65. doi: 10.4103/0975-5950.117886
PMC3805986,1,CC BY-NC,10.2174/1874210620130807002,1,2,Treatment of a Class II Division 2 Patient with Severe Skeletal Discrepancy by Using a Custom Made TPA Proclination Spring,Open Dent J. 2013 Sep 20;7:109–17. doi: 10.2174/1874210620130807002
PMC3818773,1,CC BY-NC-ND,10.1589/jpts.25.1197,1,2,The Theory and Technique of Yamuna Body Rolling,J Phys Ther Sci. 2013 Oct 20;25(9):1197–200. doi: 10.1589/jpts.25.1197
PMC3872620,1,CC BY-NC-SA,,3,6,Genetic alterations in syndromes with oral manifestations,Dent Res J (Isfahan). 2013 Nov-Dec;10(6):713–22.
PMC3884542,1,CC BY-NC-ND,10.3205/cto000099,2,4,"Aesthetic rhinoplasty plus brow, eyelid and conchal surgery: pitfalls – complications – prevention",GMS Curr Top Otorhinolaryngol Head Neck Surg. 2013 Dec 13;12:Doc07. doi: 10.3205/cto000099
PMC3886088,1,CC BY-NC-ND,10.5037/jomr.2012.3306,1,2,A Simplified Technique for Orientation of a Bone Anchored Auricular Prostheses: a Clinical Report,J Oral Maxillofac Res. 2012 Oct 1;3(3):e6. doi: 10.5037/jomr.2012.3306
PMC3897109,1,CC BY-NC-SA,10.4103/0970-0358.122026,2,4,Total upper and lower eyelid reconstruction using deltopectoral flap,Indian J Plast Surg. 2013 Sep-Dec;46(3):581–3. doi: 10.4103/0970-0358.122026
PMC3901907,1,CC BY-NC-SA,10.4103/0970-0358.118602,2,4,Unfavorable results in replantation,Indian J Plast Surg. 2013 May-Aug;46(2):256–64. doi: 10.4103/0970-0358.118602
PMC3901917,1,CC BY-NC-SA,10.4103/0970-0358.118614,1,2,Unfavourable results in facial rejuvenation surgery: How to avoid them,Indian J Plast Surg. 2013 May-Aug;46(2):359–64. doi: 10.4103/0970-0358.118614
PMC3906659,1,CC BY-NC-SA,10.4103/2156-7514.124056,1,2,Giant Pindborg Tumor (Calcifying Epithelial Odontogenic Tumor): An Unusual Case Report with Radiologic-Pathologic Correlation,J Clin Imaging Sci. 2013 Dec 31;3(Suppl 1):11. doi: 10.4103/2156-7514.124056
PMC3955309,1,CC BY-NC-SA,,1,2,Treatment of severe rotations of maxillary central incisors with whip appliance: Report of three cases,Dent Res J (Isfahan). 2014 Jan-Feb;11(1):133–9.
PMC3961892,1,CC BY-NC-SA,10.4103/0975-5950.127648,1,2,Zygomatic complex fracture: A comparative evaluation of stability using titanium and bio-resorbable plates as one point fixation,Natl J Maxillofac Surg. 2013 Jul-Dec;4(2):181–7. doi: 10.4103/0975-5950.127648
PMC3977213,1,CC BY-NC,10.5812/asjsm.34250,1,2,Evaluation of Relationship between Trunk Muscle Endurance and Static Balance in Male Students,Asian J Sports Med. 2013 Nov 15;4(4):289–94. doi: 10.5812/asjsm.34250
PMC3996414,1,CC BY-NC-ND,10.1589/jpts.26.525,1,2,Effect of Resistance Training Maintaining the Joint Angle-torque Profile Using a Haptic-based Machine on Shoulder Internal and External Rotation,J Phys Ther Sci. 2014 Apr 23;26(4):525–8. doi: 10.1589/jpts.26.525
PMC4064241,1,CC BY-NC-SA,10.4103/0301-4738.99863,1,2,Spheniodal mucocele causing bilateral optic neuropathy and ophthalmoplegia,Indian J Ophthalmol. 2014 Apr;62(4):515–7. doi: 10.4103/0301-4738.99863
PMC4073456,1,CC BY-NC-SA,10.4103/2231-0746.133068,2,4,Role of intraoral distractors in management of cranial synostosis: An initial experience,Ann Maxillofac Surg. 2014 Jan-Jun;4(1):24–9. doi: 10.4103/2231-0746.133068
PMC4097904,1,CC BY-NC-SA,10.4103/0973-6131.133932,1,2,Role of integrated approach of yoga therapy in a failed post-total knee replacement of bilateral knees,Int J Yoga. 2014 Jul-Dec;7(2):160–4. doi: 10.4103/0973-6131.133932
PMC4097917,1,CC BY-NC-SA,10.4103/0973-6131.123486,1,2,Effect of yoga on the Myofascial Pain Syndrome of neck,Int J Yoga. 2014 Jan-Jun;7(1):54–9. doi: 10.4103/0973-6131.123486
PMC4130914,1,CC BY-NC,10.4041/kjod.2014.44.4.184,1,2,Facial profile parameters and their relative influence on bilabial prominence and the perceptions of facial profile attractiveness: A novel approach,Korean J Orthod. 2014 Jul 24;44(4):184–94. doi: 10.4041/kjod.2014.44.4.184
PMC4157265,1,CC BY-NC-SA,10.4103/0975-7406.137464,1,2,Lymphoepithelial cyst of the submandibular gland,J Pharm Bioallied Sci. 2014 Jul;6(Suppl 1):S185–7. doi: 10.4103/0975-7406.137464
PMC4157278,1,CC BY-NC-SA,10.4103/0975-7406.137385,1,2,Audit on titanium reconstruction of mandibular defects for jaw lesions,J Pharm Bioallied Sci. 2014 Jul;6(Suppl 1):S39–43. doi: 10.4103/0975-7406.137385
PMC4170209,1,CC BY-NC,10.1136/bmjopen-2014-005848,1,2,Are schoolteachers able to teach first aid to children younger than 6 years? A comparative study,BMJ Open. 2014 Sep 19;4(9):e005848. doi: 10.1136/bmjopen-2014-005848
PMC4174163,1,CC BY-NC-ND,10.1097/GOX.0b013e3182a8c597,2,4,The “Posterior Cervical Lift”: A New Approach to Pterygium Colli Management,Plast Reconstr Surg Glob Open. 2013 Oct 7;1(6):e46. doi: 10.1097/GOX.0b013e3182a8c597
PMC4174167,1,CC BY-NC-ND,10.1097/GOX.0b013e31828c2416,1,2,Use of Hyperbaric Oxygen as Adjunct in Salvage of Near-complete Ear Amputation,Plast Reconstr Surg Glob Open. 2013 May 7;1(1):e1-e5. doi: 10.1097/GOX.0b013e31828c2416
PMC4174170,1,CC BY-NC-ND,10.1097/GOX.0b013e31828c66b0,1,2,Semipermanent Volumization by an Absorbable Filler: Onlay Injection Technique to the Bone,Plast Reconstr Surg Glob Open. 2013 May 7;1(1):e4-e14. doi: 10.1097/GOX.0b013e31828c66b0
PMC4179364,1,CC BY-NC,10.5999/aps.2014.41.5.576,1,2,Muscle-Sparing Blepharoplasty: A Prospective Left-Right Comparative Study,Arch Plast Surg. 2014 Sep 15;41(5):576–83. doi: 10.5999/aps.2014.41.5.576
PMC4195826,1,CC BY-NC-SA,10.1083/jcb.2071pi,1,2,Raphael Valdivia: How Chlamydia settles in,J Cell Biol. 2014 Oct 13;207(1):4–5. doi: 10.1083/jcb.2071pi
PMC4209947,1,CC BY-NC-ND,10.1016/j.matbio.2014.05.006,1,2,Pseudoachondroplasia/COMP — translating from the bench to the bedside,Matrix Biol. Author manuscript; Available in PMC 2014 Oct 27.
PMC4220394,1,CC BY-NC-SA,10.4103/0974-620X.142590,1,2,An eye for an eye,Oman J Ophthalmol. 2014 Sep-Dec;7(3):109–11. doi: 10.4103/0974-620X.142590
PMC4244749,1,CC BY-NC-SA,10.4103/0301-4738.143951,1,2,Acute visual loss with ophthalmoplegia after spinal surgery: Report of a case and review of the literature,Indian J Ophthalmol. 2014 Sep;62(9):963–5. doi: 10.4103/0301-4738.143951
PMC4273162,1,CC BY-NC-ND,10.3205/cto000104,1,2,Malformation and plastic surgery in childhood,GMS Curr Top Otorhinolaryngol Head Neck Surg. 2014 Dec 1;13:Doc01. doi: 10.3205/cto000104
PMC4273169,1,CC BY-NC-ND,10.3205/cto000111,1,2,Cervical lymph node diseases in children,GMS Curr Top Otorhinolaryngol Head Neck Surg. 2014 Dec 1;13:Doc08. doi: 10.3205/cto000111
PMC4279047,1,CC BY-NC,10.4047/jap.2014.6.6.483,1,2,Faculty-supervised measurements of the face and of mandibular movements on young adults,J Adv Prosthodont. 2014 Dec 17;6(6):483–90. doi: 10.4047/jap.2014.6.6.483
PMC4293832,1,CC BY-NC-SA,10.4103/2231-0746.147098,1,2,20 years of cleft lip and palate missions,Ann Maxillofac Surg. 2014 Jul-Dec;4(2):138–43. doi: 10.4103/2231-0746.147098
PMC4319335,1,CC BY-NC-SA,10.4103/0976-237X.149311,1,2,Sharp tooth induced sublingual hematoma in a patient with elevated international normalized ratio,Contemp Clin Dent. 2015 Jan-Mar;6(1):137–8. doi: 10.4103/0976-237X.149311
PMC4362191,1,CC BY-NC-SA,,1,2,In this issue,Saudi Med J. 2015;36(1):1.
PMC4365359,1,CC BY-NC-SA,,1,2,Oculomotor nerve palsy in dengue encephalitis - a rare presentation,Indian J Med Res. 2014 Dec;140(6):793–4.
PMC4439693,1,CC BY-NC-SA,10.4103/0975-7406.155957,2,3,Enhanced aesthetics with all ceramics restoration,J Pharm Bioallied Sci. 2015 Apr;7(Suppl 1):S282–4. doi: 10.4103/0975-7406.155957
PMC4476192,1,CC BY-NC,10.1016/j.shaw.2015.01.001,2,4,Psychosocial Factors and Musculoskeletal Pain Among Rural Hand-woven Carpet Weavers in Iran,Saf Health Work. 2015 Feb 7;6(2):120–7. doi: 10.1016/j.shaw.2015.01.001
PMC4477458,1,CC BY-NC-SA,10.4103/0974-2077.158446,1,2,Simple Technique for Facial Dimple,J Cutan Aesthet Surg. 2015 Apr-Jun;8(2):102–5. doi: 10.4103/0974-2077.158446
PMC4502201,1,CC BY-NC-SA,10.4103/0970-2113.159571,1,2,Infection control in the pulmonary function test laboratory,Lung India. 2015 Jul-Aug;32(4):359–66. doi: 10.4103/0970-2113.159571
PMC4507484,1,CC BY-NC,10.2147/CCID.S53980,2,4,Hair restoration surgery: challenges and solutions,Clin Cosmet Investig Dermatol. 2015 Jul 15;8:361–70. doi: 10.2147/CCID.S53980
PMC4513063,1,CC BY-NC,10.5999/aps.2015.42.4.494,1,2,Innervated Free Groin Flap,Arch Plast Surg. 2015 Jul 14;42(4):494–7. doi: 10.5999/aps.2015.42.4.494
PMC4516066,1,CC BY-NC-SA,,1,2,Cone Beam Computed Tomography-Dawn of A New Imaging Modality in Orthodontics,J Int Oral Health. 2015;7(Suppl 1):96–9.
PMC4531019,1,CC BY-NC,10.2147/IMCRJ.S82795,1,2,Pediatric primary optic nerve sheath meningioma,Int Med Case Rep J. 2015 Aug 4;8:159–63. doi: 10.2147/IMCRJ.S82795
PMC4555620,1,CC BY-NC-ND,10.1177/2325967114522184,1,2,Assessment of Injuries During Brazilian Jiu-Jitsu Competition,Orthop J Sports Med. 2014 Feb 21;2(2):2325967114522184. doi: 10.1177/2325967114522184
PMC4564497,1,CC BY-NC-SA,10.4103/0970-0358.163050,3,6,Objective analysis of microtia reconstruction in Indian patients and modifications in management protocol,Indian J Plast Surg. 2015 May-Aug;48(2):144–52. doi: 10.4103/0970-0358.163050
PMC4579181,1,CC BY-NC,10.5999/aps.2015.42.5.640,1,2,Isolated Congenital Nasal Bifid Septum Separated by a Wide Layer of Soft Tissue,Arch Plast Surg. 2015 Sep 15;42(5):640–2. doi: 10.5999/aps.2015.42.5.640
PMC4582593,1,CC BY-NC-ND,10.7916/D8KD1X74,1,2,Early Illustrations of Geste Antagoniste in Cervical and Generalized Dystonia,Tremor Other Hyperkinet Mov (N Y). 2015 Sep 21;5:332. doi: 10.7916/D8KD1X74
PMC4606724,1,CC BY-NC-SA,10.4103/0975-7406.163595,1,2,Drug-induced thrombocytopenic purpura,J Pharm Bioallied Sci. 2015 Aug;7(Suppl 2):S827–9. doi: 10.4103/0975-7406.163595
PMC4645924,1,CC BY-NC,10.2174/1874325001509010450,1,2,The Effect of Foam Rolling Duration on Hamstring Range of Motion,Open Orthop J. 2015 Oct 2;9:450–5. doi: 10.2174/1874325001509010450
PMC4727698,1,CC BY-NC-ND,10.1097/GOX.0000000000000548,1,2,Novel Principles and Techniques to Create a Natural Design in Female Hairline Correction Surgery,Plast Reconstr Surg Glob Open. 2016 Jan 7;3(12):e589. doi: 10.1097/GOX.0000000000000548
PMC4728910,1,CC BY-NC-SA,10.4103/0974-2077.172207,1,2,Chondroid Syringoma of the Philtral Dimple,J Cutan Aesthet Surg. 2015 Oct-Dec;8(4):242–4. doi: 10.4103/0974-2077.172207
PMC4749008,1,CC BY-NC,10.4081/ejtm.2014.2940,1,2,Funktionelle Elektrostimulation Paraplegischer Patienten,Eur J Transl Myol. 2014 Jul 8;24(2):2940. doi: 10.4081/ejtm.2014.2940
PMC4755969,1,CC BY-NC-ND,10.1589/jpts.28.27,1,2,Application of the Blobo bluetooth ball in wrist rehabilitation training,J Phys Ther Sci. 2016 Jan 30;28(1):27–32. doi: 10.1589/jpts.28.27
PMC4762345,1,CC BY-NC-SA,10.4103/0972-4052.164912,1,2,Prosthetic rehabilitation of a total laryngectomy patient,J Indian Prosthodont Soc. 2015 Oct-Dec;15(4):390–4. doi: 10.4103/0972-4052.164912
PMC4772947,1,CC BY-NC,10.2147/OAJSM.S72332,1,2,"Anterior cruciate ligament reconstruction, rehabilitation, and return to play: 2015 update",Open Access J Sports Med. 2016 Feb 24;7:21–32. doi: 10.2147/OAJSM.S72332
PMC4804399,1,CC BY-NC-SA,10.4103/2152-7806.178567,1,1,McCune–Albright syndrome with craniofacial dysplasia: Clinical review and surgical management,Surg Neurol Int. 2016 Mar 11;7(Suppl 6):S165–9. doi: 10.4103/2152-7806.178567
PMC4807172,1,CC BY-NC,10.5999/aps.2016.43.2.172,2,4,Ten Years of Results of Modified Frontalis Muscle Transfer for the Correction of Blepharoptosis,Arch Plast Surg. 2016 Mar 18;43(2):172–80. doi: 10.5999/aps.2016.43.2.172
PMC4807931,1,CC BY-NC,10.2147/PPA.S99730,1,2,Preferences of color and lip position for facial attractiveness by laypersons and orthodontists,Patient Prefer Adherence. 2016 Mar 18;10:355–61. doi: 10.2147/PPA.S99730
PMC4850771,1,CC BY-NC-SA,10.4103/2231-4040.179749,1,2,Propranolol-induced gingival hyperplasia with Nager syndrome: A rare adverse drug reaction,J Adv Pharm Technol Res. 2016 Apr-Jun;7(2):64–8. doi: 10.4103/2231-4040.179749
PMC4874279,1,CC BY-NC-ND,10.1097/GOX.0000000000000623,1,2,Bilateral Distraction Osteogenesis of Vascularized Iliac Crest Free Flaps Used in Mandibular Reconstruction,Plast Reconstr Surg Glob Open. 2016 Mar 8;4(3):e635. doi: 10.1097/GOX.0000000000000623
PMC4876305,1,CC BY-NC-SA,,2,4,Report of a Case with Trisomy 9 Mosaicism,Iran J Med Sci. 2016 May;41(3):249–52.
PMC4885203,1,CC BY-NC-SA,10.4103/0019-5154.182467,1,2,Olmsted Syndrome: Rare Occurrence in Four Siblings,Indian J Dermatol. 2016 May-Jun;61(3):347. doi: 10.4103/0019-5154.182467
PMC4917779,1,CC BY-NC,10.4184/asj.2016.10.3.570,1,2,Postural Rehabilitation for Adolescent Idiopathic Scoliosis during Growth,Asian Spine J. 2016 Jun 16;10(3):570–81. doi: 10.4184/asj.2016.10.3.570
PMC4934967,1,CC BY-NC,10.12965/jer.1632564.282,3,6,Therapeutic patient education and exercise therapy in patients with cervicogenic dizziness: a prospective case series clinical study,J Exerc Rehabil. 2016 Jun 30;12(3):216–25. doi: 10.12965/jer.1632564.282
PMC4943791,1,CC BY-NC,10.1590/S1679-45082015RC2987,1,2,Extensive cervical lymphadenitis mimicking bacterial adenitis as the first presentation of Kawasaki disease,Einstein (Sao Paulo). 2015 Jul-Sep;13(3):426–9. doi: 10.1590/S1679-45082015RC2987
PMC4995704,1,CC BY-NC-ND,10.1097/GOX.0000000000000681,1,2,Avoiding Breast Animation Deformity with Pectoralis-Sparing Subcutaneous Direct-to-Implant Breast Reconstruction,Plast Reconstr Surg Glob Open. 2016 May 27;4(5):e708. doi: 10.1097/GOX.0000000000000681
PMC5012967,1,CC BY-NC,10.5535/arm.2016.40.4.568,1,2,Validation of Attitude and Heading Reference System and Microsoft Kinect for Continuous Measurement of Cervical Range of Motion Compared to the Optical Motion Capture System,Ann Rehabil Med. 2016 Aug 24;40(4):568–74. doi: 10.5535/arm.2016.40.4.568
PMC5015603,1,CC BY-NC-ND,10.3205/oc000013,1,2,Acute abducens nerve palsy as a presenting feature in carotid-cavernous fistula in a 6-year-old girl,GMS Ophthalmol Cases. 2013 Apr 18;3:Doc03. doi: 10.3205/oc000013
PMC5017172,1,CC BY-NC-SA,10.4103/0019-5413.189605,1,2,Single-bundle versus double-bundle anterior cruciate ligament reconstruction: A comparative study with propensity score matching,Indian J Orthop. 2016 Sep;50(5):505–11. doi: 10.4103/0019-5413.189605
PMC5022134,1,CC BY-NC-ND,10.1080/10833196.2015.1125587,1,2,The origins of Western mind–body exercise methods,Phys Ther Rev. 2016 Apr 8;20(5-6):315–24. doi: 10.1080/10833196.2015.1125587
PMC5055031,1,CC BY-NC-ND,10.1097/GOX.0000000000001069,1,2,Comparative Study of a Novel Tool for Follicular Unit Extraction for Individuals with Afro-textured Hair,Plast Reconstr Surg Glob Open. 2016 Sep 27;4(9):e1069. doi: 10.1097/GOX.0000000000001069
PMC5071603,1,CC BY-NC-SA,10.5114/kitp.2016.62625,1,2,Applications of 3D printing in healthcare,Kardiochir Torakochirurgia Pol. 2016 Sep 30;13(3):283–93. doi: 10.5114/kitp.2016.62625
PMC5084581,1,CC BY-NC-SA,10.4103/2249-4863.192367,1,2,Dual Bacillus Calmette–Guerin vaccination along the border communities of Angola and Namibia,J Family Med Prim Care. 2016 Apr-Jun;5(2):457–9. doi: 10.4103/2249-4863.192367
PMC5142710,1,CC BY-NC-ND,10.3822/ijtmb.v9i4.330,1,2,Utilizing Chair Massage to Address One Woman’s Health in Rural Ghana West Africa: a Case Report,Int J Ther Massage Bodywork. 2016 Dec 9;9(4):22–9. doi: 10.3822/ijtmb.v9i4.330
PMC5172486,1,CC BY-NC-ND,10.1097/GOX.0000000000001178,1,2,Technical Considerations for Filler and Neuromodulator Refinements,Plast Reconstr Surg Glob Open. 2016 Dec 14;4(12 Suppl):e1178. doi: 10.1097/GOX.0000000000001178
PMC5227079,1,CC BY-NC-SA,10.4103/0974-2077.197078,1,2,Near Infrared Pulsed Light for Permanent Hair Reduction in Fitzpatrick Skin Types IV and V,J Cutan Aesthet Surg. 2016 Oct-Dec;9(4):249–53. doi: 10.4103/0974-2077.197078
PMC5227080,1,CC BY-NC-SA,10.4103/0974-2077.197080,1,2,Nail Photography: Tips and Tricks,J Cutan Aesthet Surg. 2016 Oct-Dec;9(4):254–7. doi: 10.4103/0974-2077.197080
PMC5288921,1,CC BY-NC-SA,10.4103/0970-0358.197230,3,6,Assessment of hand function after successful replantation of upper limb at arm,Indian J Plast Surg. 2016 Sep-Dec;49(3):415–8. doi: 10.4103/0970-0358.197230
PMC5341263,1,CC BY-NC-SA,10.4103/0972-2327.199917,1,2,"Median and common peroneal neuropathy in coir workers of Alappuzha district, Kerala",Ann Indian Acad Neurol. 2017 Jan-Mar;20(1):23–8. doi: 10.4103/0972-2327.199917
PMC5356953,1,CC BY-NC-SA,10.1539/joh.15-0108-OA,1,2,Two-point discrimination and kinesthetic sense disorders in productive age individuals with carpal tunnel syndrome,J Occup Health. 2016 Apr 22;58(3):289–96. doi: 10.1539/joh.15-0108-OA
PMC5359635,1,CC BY-NC,10.4041/kjod.2017.47.2.87,1,2,A three-dimensional photogrammetric analysis of the facial esthetics of the Miss Korea pageant contestants,Korean J Orthod. 2017 Jan 25;47(2):87–99. doi: 10.4041/kjod.2017.47.2.87
PMC5379827,1,CC BY-NC-SA,10.4103/1305-7456.202636,1,2,A comparative assessment of prosthetic outcome on enucleation and evisceration in three different etiological eye defects: A case series,Eur J Dent. 2017 Jan-Mar;11(1):130–4. doi: 10.4103/1305-7456.202636
PMC5393092,1,CC BY-NC-SA,10.4103/ijmr.IJMR_677_15,1,2,Metastatic skull swelling secondary to neuroblastoma in a child,Indian J Med Res. 2016 Nov;144(5):784. doi: 10.4103/ijmr.IJMR_677_15
PMC5400136,1,CC BY-NC-ND,10.1177/2325967117700599,1,2,Return to Sport for Skeletally Immature Athletes After ACL Reconstruction: Preventing a Second Injury Using a Quality of Movement Assessment and Quantitative Measures to Address Modifiable Risk Factors,Orthop J Sports Med. 2017 Apr 20;5(4):2325967117700599. doi: 10.1177/2325967117700599
PMC5402493,1,CC BY-NC-SA,10.4103/jnrp.jnrp_321_16,1,2,Management and Outcome of Infantile Hydrocephalus in a Tertiary Health Institution in Nigeria,J Neurosci Rural Pract. 2017 Apr-Jun;8(2):249–53. doi: 10.4103/jnrp.jnrp_321_16
PMC5402517,1,CC BY-NC-SA,10.4103/jnrp.jnrp_478_16,2,4,Acute Bilateral Supranuclear Vertical Gaze Palsy: Vertical One-and-a-one Syndrome – Report of Three Cases,J Neurosci Rural Pract. 2017 Apr-Jun;8(2):313–6. doi: 10.4103/jnrp.jnrp_478_16
PMC5442300,1,CC BY-NC-SA,10.5114/reum.2017.67604,1,2,Risk of falls in the rheumatic patient at geriatric age,Reumatologia. 2017 Apr 28;55(2):88–93. doi: 10.5114/reum.2017.67604
PMC5472133,1,CC BY-NC-ND,10.1016/j.ijscr.2017.05.024,1,2,Management of parotid duct injury secondary to cow horn in a developing country,Int J Surg Case Rep. 2017 May 31;37:10–2. doi: 10.1016/j.ijscr.2017.05.024
PMC5476608,1,CC BY-NC,10.2147/IMCRJ.S114115,1,1,A familial study of Hallermann–Streiff–François syndrome,Int Med Case Rep J. 2017 Jun 10;10:193–201. doi: 10.2147/IMCRJ.S114115
PMC5481593,1,CC BY-NC,10.4184/asj.2017.11.3.390,1,2,The Effect of Soft and Rigid Cervical Collars on Head and Neck Immobilization in Healthy Subjects,Asian Spine J. 2017 Jun 15;11(3):390–5. doi: 10.4184/asj.2017.11.3.390
PMC5495502,1,CC BY-NC-ND,10.1177/2325967117711890,1,2,Range of Hip Joint Motion Is Correlated With MRI-Verified Cam Deformity in Adolescent Elite Skiers,Orthop J Sports Med. 2017 Jun 28;5(6):2325967117711890. doi: 10.1177/2325967117711890
PMC5502493,1,CC BY-NC-SA,10.4103/ams.ams_20_16,1,2,Recovering Breathing and Feeding of a Newborn with Pierre Robin Sequence,Ann Maxillofac Surg. 2017 Jan-Jun;7(1):104–7. doi: 10.4103/ams.ams_20_16
PMC5504904,1,CC BY-NC-SA,10.4103/0970-2113.209233,1,2,Metastasis to parotid gland from primary bronchogenic carcinoma: A case letter,Lung India. 2017 Jul-Aug;34(4):398–400. doi: 10.4103/0970-2113.209233
PMC5506773,1,CC BY-NC,10.2147/SCCAA.S131431,1,2,Hair follicle growth by stromal vascular fraction-enhanced adipose transplantation in baldness,Stem Cells Cloning. 2017 Jul 6;10:1–10. doi: 10.2147/SCCAA.S131431
PMC5512408,1,CC BY-NC-SA,10.4103/njms.NJMS_84_16,1,2,Efficacy of arthrocentesis versus arthrocentesis with sodium hyaluronic acid in temporomandibular joint osteoarthritis: A comparison,Natl J Maxillofac Surg. 2017 Jan-Jun;8(1):41–9. doi: 10.4103/njms.NJMS_84_16
PMC5516457,1,CC BY-NC-SA,10.4103/0974-620X.209115,1,2,Viral mononeurities causing partial oculomotor nerve palsy in an 8 month old child,Oman J Ophthalmol. 2017 May-Aug;10(2):117–9. doi: 10.4103/0974-620X.209115
PMC5525600,1,CC BY-NC-SA,10.4103/tjo.tjo_14_17,1,2,"Vertical diplopia after cataract surgery, overacting, and/or underacting extraocular muscle",Taiwan J Ophthalmol. 2017 Jan-Mar;7(1):48–52. doi: 10.4103/tjo.tjo_14_17
PMC5536209,1,CC BY-NC-ND,10.15386/cjmed-709,3,6,The use of mastoid fascia for dorsal nasal augmentation,Clujul Med. 2017 Jul 15;90(3):294–304. doi: 10.15386/cjmed-709
PMC5556706,1,CC BY-NC,10.7181/acfs.2014.15.1.1,1,2,Clinical Experience of Sturdy Elevation of the Reconstructed Auricle,Arch Craniofac Surg. 2014 Apr 10;15(1):1–6. doi: 10.7181/acfs.2014.15.1.1
PMC5573483,1,CC BY-NC-ND,10.17096/jiufd.73461,2,4,Treatment of extraoral cutaneous sinus tracts with non-surgical endodontic intervention: report of six cases,J Istanb Univ Fac Dent. 2015 Apr 29;49(2):35–40. doi: 10.17096/jiufd.73461
PMC5574746,1,CC BY-NC,10.1007/s13555-017-0195-0,1,1,Therapeutic Effects of Topical Tranexamic Acid in Comparison with Hydroquinone in Treatment of Women with Melasma,Dermatol Ther (Heidelb). 2017 Jul 26;7(3):417–24. doi: 10.1007/s13555-017-0195-0
PMC5584101,1,CC BY-NC-ND,10.14639/0392-100X-911,2,4,Approach to the correction of drooping tip: common problems and solutions,Acta Otorhinolaryngol Ital. 2017 Aug;37(4):295–302. doi: 10.14639/0392-100X-911
PMC5595604,1,CC BY-NC-ND,10.1590/abd1806-4841.20175435,1,2,Trichotillomania: a good response to treatment with N-acetylcysteine,An Bras Dermatol. 2017 Jul-Aug;92(4):537–9. doi: 10.1590/abd1806-4841.20175435
PMC5613199,1,CC BY-NC-ND,10.3892/etm.2017.4911,1,2,Treatment of Graves' ophthalmopathy with an in-house Phosphorus-32 source: Initial clinical observations,Exp Ther Med. 2017 Aug 9;14(4):2795–800. doi: 10.3892/etm.2017.4911
PMC5735459,1,CC BY-NC-SA,10.4103/aer.AER_86_16,1,2,Airway Considerations in Case of a Large Multinodular Goiter,Anesth Essays Res. 2017 Oct-Dec;11(4):1097–100. doi: 10.4103/aer.AER_86_16
PMC5745378,1,CC BY-NC,10.4081/ejtm.2017.7110,1,2,Functional electrical stimulation cycling strategies tested during preparation for the First Cybathlon Competition – a practical report from team ENS de Lyon,Eur J Transl Myol. 2017 Dec 5;27(4):7110. doi: 10.4081/ejtm.2017.7110
PMC5758957,1,CC BY-NC,10.1177/2050312117744925,1,2,"Seating in aged care: Physical fit, independence and comfort",SAGE Open Med. 2018 Jan 4;6:2050312117744925. doi: 10.1177/2050312117744925
PMC5759655,1,CC BY-NC,10.7181/acfs.2017.18.4.269,1,2,Myxoid Solitary Fibrous Tumor on the Scalp,Arch Craniofac Surg. 2017 Dec 23;18(4):269–72. doi: 10.7181/acfs.2017.18.4.269
PMC5770929,1,CC BY-NC-SA,10.4103/ijps.IJPS_95_17,1,2,First two bilateral hand transplantations in India (Part 3): Rehabilitation and immediate outcome,Indian J Plast Surg. 2017 May-Aug;50(2):161–7. doi: 10.4103/ijps.IJPS_95_17
PMC5771944,1,CC BY-NC,10.1002/ccr3.1272,1,2,Plunging ranula: surgical management of case series and the literature review,Clin Case Rep. 2017 Nov 29;6(1):109–14. doi: 10.1002/ccr3.1272
PMC5811290,1,CC BY-NC-ND,10.1097/GOX.0000000000001623,1,2,Earfold Implantable Clip System for Correction of Prominent Ears: Analysis of Safety in 403 Patients,Plast Reconstr Surg Glob Open. 2018 Jan 12;6(1):e1623. doi: 10.1097/GOX.0000000000001623
PMC5829892,1,CC BY-NC,10.1136/svn-2017-000079,1,2,Eyes and stroke: the visual aspects of cerebrovascular disease,Stroke Vasc Neurol. 2017 Jul 6;2(4):210–20. doi: 10.1136/svn-2017-000079
PMC5838263,1,CC BY-NC,10.1002/ccr3.1400,1,2,Mycoplasma pneumoniae‐induced mucositis without rash in an 11‐year‐old boy,Clin Case Rep. 2018 Feb 6;6(3):551–2. doi: 10.1002/ccr3.1400
PMC5851923,1,CC BY-NC-ND,10.1016/j.sjbs.2017.11.038,1,2,Repair of bone defect of the lateral forefoot by double segment triangular fibula flap with vascular pedicle: A case report,Saudi J Biol Sci. 2017 Nov 14;24(8):1907–12. doi: 10.1016/j.sjbs.2017.11.038
PMC5856037,1,CC BY-NC,10.2147/RMHP.S154611,1,2,"Occupational health risk of working in garages: comparative study on blood pressure and hematological parameters between garage workers and Haramaya University community, Harar, eastern Ethiopia",Risk Manag Healthc Policy. 2018 Mar 13;11:35–44. doi: 10.2147/RMHP.S154611
PMC5865521,1,CC BY-NC-ND,10.1177/2325967118759953,1,2,"2018 International Olympic Committee Consensus Statement on Prevention, Diagnosis, and Management of Pediatric Anterior Cruciate Ligament Injuries",Orthop J Sports Med. 2018 Mar 21;6(3):2325967118759953. doi: 10.1177/2325967118759953
PMC5908503,1,CC BY-NC-ND,10.1097/GOX.0000000000001615,1,2,Assessment of Functional Rhinoplasty with Spreader Grafting Using Acoustic Rhinomanometry and Validated Outcome Measurements,Plast Reconstr Surg Glob Open. 2018 Mar 19;6(3):e1615. doi: 10.1097/GOX.0000000000001615
PMC5921451,1,CC BY-NC-SA,10.4103/JCAS.JCAS_126_17,1,2,Reconstruction of an Anterior Auricular Defect Through a Tunnelized Preauricular Transposition Flap,J Cutan Aesthet Surg. 2018 Jan-Mar;11(1):42–4. doi: 10.4103/JCAS.JCAS_126_17
PMC5928313,1,CC BY-NC-SA,,1,2,Determining Changes in Electromyography Indices when Measuring Maximum Acceptable Weight of Lift in Iranian Male Students,J Biomed Phys Eng. 2018 Mar 1;8(1):73–86.
PMC5939180,1,CC BY-NC-SA,10.4103/ijo.IJO_176_18,1,2,Comment on: Upper eyelid levator-recession and anterior lamella repositioning through the gray-line – Avoiding a skin-crease incision,Indian J Ophthalmol. 2018 May;66(5):725–6. doi: 10.4103/ijo.IJO_176_18
PMC5947096,1,CC BY-NC,,1,2,"Hammer-Finger, with Notes of Seven Cases Occurring in One Family",Glasgow Med J. 1903 Nov;60(5):335–44.
PMC5965015,1,CC BY-NC-SA,10.4103/HEARTVIEWS.HEARTVIEWS_23_18,1,2,The Pulse in Ancient Medicine Part 1,Heart Views. 2018 Jan-Mar;19(1):36–43. doi: 10.4103/HEARTVIEWS.HEARTVIEWS_23_18
PMC5977960,1,CC BY-NC-ND,10.1097/GOX.0000000000001755,1,2,A Systematic Review of Surgical Management of Melanoma of the External Ear,Plast Reconstr Surg Glob Open. 2018 Apr 13;6(4):e1755. doi: 10.1097/GOX.0000000000001755
PMC5999371,1,CC BY-NC-ND,10.1097/NCM.0000000000000280,1,2,Decision-Making Data: Expectations for Reproducibility of Lifting on Separate Days,Prof Case Manag. 2018 Feb 2;23(4):204–12. doi: 10.1097/NCM.0000000000000280
PMC6006625,1,CC BY-NC,10.1159/000488846,1,2,Use of Ozone-Based Eye Drops: A Series of Cases in Veterinary and Human Spontaneous Ocular Pathologies,Case Rep Ophthalmol. 2018 May 24;9(2):287–98. doi: 10.1159/000488846
PMC6028199,1,CC BY-NC,10.12965/jer.1836196.098,1,2,Changes in lower extremity function and pitching performance with increasing numbers of pitches in baseball pitchers,J Exerc Rehabil. 2018 Jun 27;14(3):430–5. doi: 10.12965/jer.1836196.098
PMC6047960,1,CC BY-NC-ND,10.1589/jpts.30.952,1,2,Alleviation of pain and disability in a post-surgical C4–C7 total fusion patient after reducing a lateral head translation (side shift) posture: a CBP® case report with a 14 year follow-up,J Phys Ther Sci. 2018 Jul 3;30(7):952–7. doi: 10.1589/jpts.30.952
PMC6051962,1,CC BY-NC-ND,10.1016/j.rboe.2017.03.009,1,2,A rare case of bilateral central subluxation of the hip joint with associated bilateral quadrilateral plate fracture in an elderly male due to seizure activity,Rev Bras Ortop. 2017 Mar 17;53(4):489–92. doi: 10.1016/j.rboe.2017.03.009
PMC6052651,1,CC BY-NC-ND,10.1016/j.jare.2017.12.004,1,2,"Strengthening mechanisms, deformation behavior, and anisotropic mechanical properties of Al-Li alloys: A review",J Adv Res. 2017 Dec 26;10:49–67. doi: 10.1016/j.jare.2017.12.004
PMC6055307,1,CC BY-NC-SA,10.4103/tjo.tjo_110_17,1,2,Oculomotor palsy as a single presenting sign of midbrain hemorrhage,Taiwan J Ophthalmol. 2018 Apr-Jun;8(2):108–10. doi: 10.4103/tjo.tjo_110_17
PMC6128161,1,CC BY-NC-SA,10.4103/JCAS.JCAS_67_18,1,2,Simplifying Injectables for Volumetric Rejuvenation of Face,J Cutan Aesthet Surg. 2018 Apr-Jun;11(2):51–9. doi: 10.4103/JCAS.JCAS_67_18
PMC6128326,1,CC BY-NC-ND,10.1016/j.sdentj.2018.05.009,3,6,Skeletal Class III correction in permanent dentition using reverse twin block appliance and fixed mechanotherapy,Saudi Dent J. 2018 May 31;30(4):379–88. doi: 10.1016/j.sdentj.2018.05.009
PMC6147841,1,CC BY-NC-ND,10.5144/0256-4947.2004.469,1,2,Seckel-like syndrome or Seckel variants?,Ann Saudi Med. 2004 Nov-Dec;24(6):469–72. doi: 10.5144/0256-4947.2004.469
PMC6177682,1,CC BY-NC,10.7181/acfs.2017.01396,1,2,Treatment of post-traumatic hematoma and fibrosis using hyaluronidase injection,Arch Craniofac Surg. 2018 Sep 20;19(3):218–21. doi: 10.7181/acfs.2017.01396
PMC6181490,1,CC BY-NC-ND,10.1097/GOX.0000000000001888,1,2,An Algorithm Using Botox Injections for Facial Scar Improvement in Fitzpatrick Type IV–VI Skin,Plast Reconstr Surg Glob Open. 2018 Aug 8;6(8):e1888. doi: 10.1097/GOX.0000000000001888
PMC6219348,1,CC BY-NC-SA,10.4103/ijps.IJPS_7_18,2,4,Brachioradialis to flexor digitorum profundus tendon transfer to restore finger flexion,Indian J Plast Surg. 2018 May-Aug;51(2):123–30. doi: 10.4103/ijps.IJPS_7_18
PMC6326610,1,CC BY-NC-ND,10.1097/GOX.0000000000001971,1,2,Ten Tips to Simplify the Spaghetti Wrist,Plast Reconstr Surg Glob Open. 2018 Dec 12;6(12):e1971. doi: 10.1097/GOX.0000000000001971
PMC6326612,1,CC BY-NC-ND,10.1097/GOX.0000000000002056,1,2,Outcomes of Vascularized Lymph Node Transfer and Lymphovenous Anastomosis for Treatment of Primary Lymphedema,Plast Reconstr Surg Glob Open. 2018 Dec 20;6(12):e2056. doi: 10.1097/GOX.0000000000002056
PMC6348242,1,CC BY-NC-ND,10.1016/j.heliyon.2019.e01127,1,2,Visualization and quantification of eye tracking data for the evaluation of oculomotor function,Heliyon. 2019 Jan 17;5(1):e01127. doi: 10.1016/j.heliyon.2019.e01127
PMC6382221,1,CC BY-NC-ND,10.1097/GOX.0000000000001982,3,5,Neurofibromatosis Type 1: Review of Cutaneous and Subcutaneous Tumor Treatment on Quality of Life,Plast Reconstr Surg Glob Open. 2019 Jan 18;7(1):e1982. doi: 10.1097/GOX.0000000000001982
PMC6399765,1,CC BY-NC-ND,10.1177/2325967119828953,1,2,Return-to-Sport Testing After Medial Patellofemoral Ligament Reconstruction in Adolescent Athletes,Orthop J Sports Med. 2019 Mar 1;7(3):2325967119828953. doi: 10.1177/2325967119828953
PMC6402071,1,CC BY-NC,10.1177/1179544119835222,1,2,Bilateral Levofloxacin-Induced Achilles Tendon Rupture: An Uncommon Case Report and Review of the Literature,Clin Med Insights Arthritis Musculoskelet Disord. 2019 Mar 5;12:1179544119835222. doi: 10.1177/1179544119835222
PMC6409286,1,CC BY-NC-ND,10.1016/j.vgie.2019.01.007,1,2,"Jerome D. Waye, MD",VideoGIE. 2019 Feb 26;4(3):99–101. doi: 10.1016/j.vgie.2019.01.007
PMC6424312,1,CC BY-NC,10.13107/jocr.2250-0685.1248,1,2,Floating Forearm with Terrible Triad Injury of the Elbow: A Case Report,J Orthop Case Rep. 2018 Nov-Dec;8(6):38–41. doi: 10.13107/jocr.2250-0685.1248
PMC6446028,1,CC BY-NC,10.5999/aps.2018.00717,1,2,Facial reanimation with masseter nerve–innervated free gracilis muscle transfer in established facial palsy patients,Arch Plast Surg. 2019 Mar 31;46(2):122–8. doi: 10.5999/aps.2018.00717
PMC6457417,1,CC BY-NC-SA,10.14744/AnatolJCardiol.2018.14238,1,2,A dramatic example of severe premature atherosclerosis successfully treated by percutaneous coronary intervention,Anatol J Cardiol. 2019 Feb;21(2):107–10. doi: 10.14744/AnatolJCardiol.2018.14238
PMC6507382,1,CC BY-NC-SA,10.4103/meajo.MEAJO_279_18,1,2,Marcus Gunn Jaw-Winking Syndrome Associated with Morning Glory Disc Anomaly,Middle East Afr J Ophthalmol. 2019 Jan-Mar;26(1):37–9. doi: 10.4103/meajo.MEAJO_279_18
PMC6515743,1,CC BY-NC-SA,10.4103/0971-5916.251664,1,2,CRUSADE FOR TB: Bringing Treatment to Masses at their Doorsteps,Indian J Med Res. 2019 Jan;149(Suppl 1):S89–93. doi: 10.4103/0971-5916.251664
PMC6528542,1,CC BY-NC-SA,10.4103/jfo.jfds_22_16,1,2,"Correlative study on lip prints, fingerprints, and mandibular intercanine distance for gender determination",J Forensic Dent Sci. 2018 Sep-Dec;10(3):143–50. doi: 10.4103/jfo.jfds_22_16
PMC6537035,1,CC BY-NC,10.2147/IDR.S199163,1,2,Gonococcal conjunctivitis after incomplete treatment of gonococcal urethritis,Infect Drug Resist. 2019 May 23;12:1381–4. doi: 10.2147/IDR.S199163
PMC6554186,1,CC BY-NC-ND,10.1097/GOX.0000000000002214,1,2,Partial Domal Division: A Technique for Tip Refinement,Plast Reconstr Surg Glob Open. 2019 Apr 25;7(4):e2214. doi: 10.1097/GOX.0000000000002214
PMC6664837,1,CC BY-NC-ND,10.1055/s-0039-1687919,1,2,Prosthetic Rehabilitation in the Lower Limb,Indian J Plast Surg. 2019 Apr 29;52(1):134–43. doi: 10.1055/s-0039-1687919
PMC6677081,1,CC BY-NC-SA,10.4103/ijo.IJO_2107_18,1,2,Refractive errors and the red reflex- Bruckner test revisited,Indian J Ophthalmol. 2019 Aug;67(8):1381–2. doi: 10.4103/ijo.IJO_2107_18
PMC6685333,1,CC BY-NC-SA,10.4103/jips.jips_226_18,1,1,Rehabilitation of an ocular defect with intraorbital implant and custom-made prosthesis using digital photography and gridded spectacle,J Indian Prosthodont Soc. 2019 Jul-Sep;19(3):266–71. doi: 10.4103/jips.jips_226_18
PMC6694939,1,CC BY-NC-ND,10.1016/j.jtumed.2016.05.003,1,2,The strain – Counter strain technique in the management of anterior interosseous nerve syndrome: A case report,J Taibah Univ Med Sci. 2016 Jun 16;12(1):70–4. doi: 10.1016/j.jtumed.2016.05.003
PMC6714924,1,CC BY-NC,10.1177/1076029618821184,1,2,Zika and Chikungunya Virus and Risk for Venous Thromboembolism,Clin Appl Thromb Hemost. 2019 Jan 28;25:1076029618821184. doi: 10.1177/1076029618821184
PMC6753828,1,CC BY-NC-SA,10.4103/jfmpc.jfmpc_476_19,1,2,Recurrent cranio-oculo-facial diabetic complication,J Family Med Prim Care. 2019 Aug 28;8(8):2732–4. doi: 10.4103/jfmpc.jfmpc_476_19
PMC6760366,1,CC BY-NC,10.1159/000500224,1,2,A Subcutaneous Juvenile Xanthogranuloma in a 4-Year-Old Girl Who Presented with a Lower Eyelid Mass,Case Rep Ophthalmol. 2019 May 16;10(2):153–9. doi: 10.1159/000500224
PMC6785327,1,CC BY-NC-ND,10.1055/s-0039-1695804,2,4,Optimising Results of Nasal Tip Rotation Applying Combination of Nasolabial Angle and Lip–Columellar Angle in Tandem in Patients Operated by “Cock-up” Alar Cartilage Flaps Technique,Indian J Plast Surg. 2019 Sep 10;52(2):183–94. doi: 10.1055/s-0039-1695804
PMC6801350,1,CC BY-NC-ND,10.1589/jpts.31.844,1,2,Integrated volitional control electrical stimulation for the paretic hand: a case report,J Phys Ther Sci. 2019 Oct 19;31(10):844–9. doi: 10.1589/jpts.31.844
PMC6811945,1,CC BY-NC,10.5005/jp-journals-10005-1613,8,16,Evaluation of Postsurgical Dentofacial Deformities in Children Operated for Correction of Cleft Lip and Palate—A Cross-sectional Study,Int J Clin Pediatr Dent. 2019 May-Jun;12(3):165–77. doi: 10.5005/jp-journals-10005-1613
PMC6924766,1,CC BY-NC,10.1136/bmjopen-2019-031375,1,2,"COveRs to impRove AesthetiC ouTcome after Surgery for Chronic subdural haemAtoma by buRr hole trepanation (CORRECT-SCAR): protocol of a Swiss single-blinded, randomised controlled trial",BMJ Open. 2019 Dec 6;9(12):e031375. doi: 10.1136/bmjopen-2019-031375
PMC6943847,1,CC BY-NC-SA,10.31661/jbpe.v0i0.965,2,4,Design Evaluation in Novel Orthoses for Patients with Medial Knee Osteoarthritis,J Biomed Phys Eng. 2019 Dec 1;9(6):719–32. doi: 10.31661/jbpe.v0i0.965
PMC6950954,1,CC BY-NC-ND,10.1016/j.sjopt.2019.10.002,1,2,Primary congenital glaucoma: An updated review,Saudi J Ophthalmol. 2019 Nov 7;33(4):382–8. doi: 10.1016/j.sjopt.2019.10.002
PMC6952158,1,CC BY-NC-ND,10.1097/GOX.0000000000002312,1,2,Functional and Aesthetic Reconstruction for Microtia Using the Combination of Superficial Circumflex Iliac Artery Perforator Superthin Flap Transfer and Skin Grafting,Plast Reconstr Surg Glob Open. 2019 Jul 5;7(7):e2312. doi: 10.1097/GOX.0000000000002312
PMC6996043,1,CC BY-NC,10.1093/omcr/omz127,1,2,Parry–Romberg syndrome in an adolescent: a case report on progressive hemifacial atrophy,Oxf Med Case Reports. 2020 Jan 31;2020(1):omz127. doi: 10.1093/omcr/omz127
PMC7008622,1,CC BY-NC-SA,10.4103/jips.jips_326_19,2,4,Comprehensive prosthetic rehabilitation of a case of the orofacial digital syndrome,J Indian Prosthodont Soc. 2020 Jan 27;20(1):110–4. doi: 10.4103/jips.jips_326_19
PMC7008639,1,CC BY-NC,10.2147/CCID.S237519,3,6,"One21: A Novel, Customizable Injection Protocol for Treatment of the Forehead with IncobotulinumtoxinA",Clin Cosmet Investig Dermatol. 2020 Feb 5;13:127–36. doi: 10.2147/CCID.S237519
PMC7021094,1,CC BY-NC,10.1136/bcr-2019-231345,1,2,"Poor balance, bilateral upper limb phocomelia, no previous exercise: a challenging combination for fall prevention in a middle-aged thalidomide survivor",BMJ Case Rep. 2020 Jan 21;13(1):e231345. doi: 10.1136/bcr-2019-231345
PMC7057868,1,CC BY-NC-SA,10.4103/ajns.AJNS_293_19,1,2,Adult-Onset Seizure Disorder Secondary to Schizencephaly,Asian J Neurosurg. 2020 Feb 25;15(1):159–61. doi: 10.4103/ajns.AJNS_293_19
PMC7186263,1,CC BY-NC-ND,10.1016/j.ctro.2020.04.007,1,2,Re-irradiation for oligoprogression under Nivolumab in recurrent head and neck squamous cell carcinoma: A case report,Clin Transl Radiat Oncol. 2020 Apr 17;23:16–9. doi: 10.1016/j.ctro.2020.04.007
PMC7209844,1,CC BY-NC-ND,10.1097/GOX.0000000000002753,1,2,"A Prospective Study on Safety, Complications and Satisfaction Analysis for Tear Trough Rejuvenation Using Hyaluronic Acid Dermal Fillers",Plast Reconstr Surg Glob Open. 2020 Apr 29;8(4):e2753. doi: 10.1097/GOX.0000000000002753
PMC7222623,1,CC BY-NC,10.5125/jkaoms.2020.46.2.108,1,2,Effects of kinesiology tape after enucleation of mandibular dentigerous cysts,J Korean Assoc Oral Maxillofac Surg. 2020 Apr 30;46(2):108–15. doi: 10.5125/jkaoms.2020.46.2.108
PMC7265414,1,CC BY-NC-SA,10.25259/SNI_483_2019,1,2,Parinaud syndrome as an unusual presentation of intracranial hypotension,Surg Neurol Int. 2020 May 9;11:98. doi: 10.25259/SNI_483_2019
PMC7267975,1,CC BY-NC-ND,10.1002/hbm.24835,1,2,Passive perceptual learning modulates motor inhibitory control in superior frontal regions,Hum Brain Mapp. 2019 Oct 25;41(3):726–38. doi: 10.1002/hbm.24835
PMC7339289,1,CC BY-NC-ND,10.1097/GOX.0000000000002825,2,4,"Primary Breast Augmentation Using Axillary Skin Incision, Submuscular Implants, and Intraoperative Tissue Expansion",Plast Reconstr Surg Glob Open. 2020 Jun 8;8(6):e2825. doi: 10.1097/GOX.0000000000002825
PMC7368473,1,CC BY-NC,10.1136/bcr-2019-232755,1,1,Tonic pupil caused by adenoid cystic carcinoma versus postradiation changes to the ciliary ganglion,BMJ Case Rep. 2020 Jul 16;13(7):e232755. doi: 10.1136/bcr-2019-232755
PMC7384504,1,CC BY-NC,10.5222/MMJ.2020.84594,1,2,Kimura Disease with Parotid Swelling and Cervical Lymphadenopathy: A Case Report and Literature Review,Medeni Med J. 2020 Jun 30;35(2):170–4. doi: 10.5222/MMJ.2020.84594
PMC7387616,1,CC BY-NC,10.4235/agmr.2018.22.2.88,1,2,A Study of Skin Disease of the External Ear in Older Adults According to Anatomical Location,Ann Geriatr Med Res. 2018 Jun 30;22(2):88–93. doi: 10.4235/agmr.2018.22.2.88
PMC7398816,1,CC BY-NC,10.5999/aps.2018.01165,1,2,Correction of microtia with constriction features using a superficial temporal fascial flap combined with a rib cartilage graft,Arch Plast Surg. 2020 Jul 15;47(4):317–23. doi: 10.5999/aps.2018.01165
PMC7457575,1,CC BY-NC,10.2147/IJWH.S253885,1,2,Laparoscopic Hysterectomy and Bilateral Salpingectomy in a Patient with Microduplication Syndrome (20p13p12.1) and a Bicornuate Uterus: An Unreported Association,Int J Womens Health. 2020 Aug 25;12:675–9. doi: 10.2147/IJWH.S253885
PMC7489633,1,CC BY-NC-ND,10.1097/GOX.0000000000003072,1,2,Simulation Surgery Using 3D 3-layer Models for Congenital Anomaly,Plast Reconstr Surg Glob Open. 2020 Aug 19;8(8):e3072. doi: 10.1097/GOX.0000000000003072
PMC7489740,1,CC BY-NC-ND,10.1097/GOX.0000000000002947,2,4,Revision and Secondary Facelift: Problems Frequently Encountered,Plast Reconstr Surg Glob Open. 2020 Aug 20;8(8):e2947. doi: 10.1097/GOX.0000000000002947
PMC7502890,1,CC BY-NC,10.15280/jlm.2020.10.2.126,1,2,Back to Fine Work with Fine Surgery,J Lifestyle Med. 2020 Jul 31;10(2):126–9. doi: 10.15280/jlm.2020.10.2.126
PMC7574118,1,CC BY-NC-SA,10.4103/ijo.IJO_1509_20,1,2,Tele-consultations in the wake of COVID-19 – Suggested guidelines for clinical ophthalmology,Indian J Ophthalmol. 2020 Jun 25;68(7):1316–27. doi: 10.4103/ijo.IJO_1509_20
PMC7574141,1,CC BY-NC-SA,10.4103/ijo.IJO_1267_20,1,2,Differential diagnosis of acute ocular pain: Teleophthalmology during COVID-19 pandemic - A perspective,Indian J Ophthalmol. 2020 Jun 25;68(7):1371–9. doi: 10.4103/ijo.IJO_1267_20
PMC7584460,1,CC BY-NC,10.1093/jscr/rjaa357,1,2,"Successful eradication of a large orbital hydatid cyst without rupture using fronto-orbitozygomatic approach, the first case reported from Syria",J Surg Case Rep. 2020 Oct 24;2020(10):rjaa357. doi: 10.1093/jscr/rjaa357
PMC7605888,1,CC BY-NC-ND,10.1097/GOX.0000000000002802,1,2,"The Eyelid Crease Height, Depth, and Shape: A Scoring System for Revisional Asian Blepharoplasty",Plast Reconstr Surg Glob Open. 2020 May 29;8(5):e2802. doi: 10.1097/GOX.0000000000002802
PMC7748930,1,CC BY-NC-ND,10.1055/s-0040-1702953,1,2,Achilles Tendon Lesions – Part 1: Tendinopathies,Rev Bras Ortop (Sao Paulo). 2020 Apr 29;55(6):657–64. doi: 10.1055/s-0040-1702953
PMC7756823,1,CC BY-NC,10.5606/tftrd.2020.4955,1,2,The effects of bracing on sagittal spinopelvic parameters and Cobb angle in adolescents with idiopathic scoliosis: A before-after clinical study,Turk J Phys Med Rehabil. 2020 Nov 9;66(4):452–8. doi: 10.5606/tftrd.2020.4955
PMC7775221,1,CC BY-NC-ND,10.1055/s-0040-1719198,1,2,Wide Excision with Immediate Reconstruction of the Mandible Using Free Fibular Flap in Ameloblastoma of the Mandible—A Need of Time: Our Experience of 37 Cases,Indian J Plast Surg. 2020 Nov 24;53(3):363–70. doi: 10.1055/s-0040-1719198
PMC7775234,1,CC BY-NC-ND,10.1055/s-0040-1714768,2,4,A Longitudinal Study of The Nasal Symmetry in Unilateral Cleft Lip And Palate Patients Treated With Nasoalveolar Molding,Indian J Plast Surg. 2020 Aug 4;53(3):371–6. doi: 10.1055/s-0040-1714768
PMC7783177,1,CC BY-NC,10.5125/jkaoms.2020.46.6.379,1,2,Diagnostic analysis of vertical orbital dystopia and canthal tilt for surgical correction,J Korean Assoc Oral Maxillofac Surg. 2020 Dec 31;46(6):379–84. doi: 10.5125/jkaoms.2020.46.6.379
PMC7787085,1,CC BY-NC-SA,10.4103/tjo.tjo_79_19,1,2,Couching in pediatric patients in Nigeria: Report of a medical socioeconomic dilemma in a developing country,Taiwan J Ophthalmol. 2020 Mar 5;10(4):259–63. doi: 10.4103/tjo.tjo_79_19
PMC7815661,1,CC BY-NC-SA,10.13107/jocr.2020.v10.i06.1888,1,2,An Extremely Rare Combination of Monteggia Equivalent Type 1 Lesion (diaphyseal Ulna and Radial Neck Fractures Without Dislocation) with Ipsilateral Radius Shaft and Distal Radius Fractures in a Child,J Orthop Case Rep. 2020 Sep;10(6):86–9. doi: 10.13107/jocr.2020.v10.i06.1888
PMC7818415,1,CC BY-NC,10.1111/jocd.13475,1,2,Recommendations for the treatment of tear trough deformity with cross‐linked hyaluronic acid filler,J Cosmet Dermatol. 2020 Aug 26;20(1):6–17. doi: 10.1111/jocd.13475
PMC7852437,1,CC BY-NC-SA,10.4103/ija.IJA_675_20,1,2,Unilateral complete ptosis after scalp block: A rare complication of common procedure,Indian J Anaesth. 2020 Dec 12;64(12):1077–8. doi: 10.4103/ija.IJA_675_20
PMC7853360,1,CC BY-NC-ND,10.1016/j.arrct.2020.100057,1,2,Comparison of DEKA Arm and Body-Powered Upper Limb Prosthesis Joint Kinematics,Arch Rehabil Res Clin Transl. 2020 Apr 25;2(3):100057. doi: 10.1016/j.arrct.2020.100057
PMC7857661,1,CC BY-NC-SA,10.13107/jocr.2020.v10.i07.1914,1,2,Idiopathic Proximal Radioulnar Synostosis – A Rare Case Report and Review of Literature,J Orthop Case Rep. 2020 Oct;10(7):49–52. doi: 10.13107/jocr.2020.v10.i07.1914
PMC7862073,1,CC BY-NC-ND,10.1097/GOX.0000000000003378,1,2,Systematic Review of Tissue Expansion: Utilization in Non-breast Applications,Plast Reconstr Surg Glob Open. 2021 Jan 21;9(1):e3378. doi: 10.1097/GOX.0000000000003378
PMC7869951,1,CC BY-NC-ND,10.1007/978-981-33-4126-5_7,1,2,The Lotus in the Mud: A Conceptual Model of Livestream Yoga Service Experience,"The Future of Service Post-COVID-19 Pandemic, Volume 1. 2021 Feb 9:123–54. doi: 10.1007/978-981-33-4126-5_7"
PMC7872454,1,CC BY-NC-SA,10.26603/001c.18707,1,2,Latarjet Procedure for the Treatment of Anterior Glenohumeral Instability in the Athlete – Key Considerations for Rehabilitation,Int J Sports Phys Ther. 2021 Feb 1;16(1):259–69. doi: 10.26603/001c.18707
PMC7891349,1,CC BY-NC-ND,10.1111/jocd.13593,2,4,Wart removal without anesthesia using long‐pulse 1064‐nm Nd:YAG laser,J Cosmet Dermatol. 2020 Jul 16;20(2):506–12. doi: 10.1111/jocd.13593
PMC7933635,1,CC BY-NC-SA,10.13107/jocr.2020.v10.i08.1866,1,2,Intra-articular Olecranon Osteotomy and Adhesiolysis for Treatment of Post-traumatic Elbow Stiffness,J Orthop Case Rep. 2020 Nov;10(8):72–5. doi: 10.13107/jocr.2020.v10.i08.1866
PMC7933643,1,CC BY-NC-SA,10.13107/jocr.2020.v10.i08.1850,1,2,Chronic Galeazzi Fracture-Dislocation: A Case Report,J Orthop Case Rep. 2020 Nov;10(8):37–40. doi: 10.13107/jocr.2020.v10.i08.1850
PMC7937377,1,CC BY-NC,10.2147/IMCRJ.S289627,1,2,Acute Motor Axonal Neuropathy Improvement 20 Days After Hyperbaric Oxygen Therapy,Int Med Case Rep J. 2021 Mar 3;14:151–5. doi: 10.2147/IMCRJ.S289627
PMC7981708,1,CC BY-NC-ND,10.1002/ccr3.3585,1,2,Complete response of cutaneous SCC to topical treatment with ascorbic acid solution: A case report,Clin Case Rep. 2021 Jan 9;9(3):1060–5. doi: 10.1002/ccr3.3585
PMC8016443,1,CC BY-NC-SA,10.26603/001c.21140,5,10,Which Hop Tests Can Best Identify Functional Limb Asymmetry in Patients 9-12 Months After Anterior Cruciate Ligament Reconstruction Employing a Hamstrings Tendon Autograft?,Int J Sports Phys Ther. 2021 Apr 1;16(2):393–403. doi: 10.26603/001c.21140
PMC8046460,1,CC BY-NC-SA,10.13107/jocr.2020.v10.i09.1902,1,2,Complete Surgical Excision with Pre-operative Localization of Lesion Under CT-Guidance of Osteoid Osteoma of the Sacrum – A Case Report,J Orthop Case Rep. 2020 Dec;10(9):56–60. doi: 10.13107/jocr.2020.v10.i09.1902
PMC8077525,1,CC BY-NC,10.1159/000510389,1,2,Orbital Apex Syndrome due to Orbital Mucormycosis after Teeth Infection: A Successful Case Report,Case Rep Ophthalmol. 2021 Apr 8;12(1):110–5. doi: 10.1159/000510389
PMC8138243,1,CC BY-NC,10.1159/000513958,1,2,Upper Eyelid Necrosis Secondary to Hordeolum: A Case Report,Case Rep Ophthalmol. 2021 Apr 19;12(1):270–6. doi: 10.1159/000513958
PMC8168984,1,CC BY-NC-SA,10.26603/001c.24150,1,2,Medio-Lateral Hamstring Muscle Activity in Unilateral vs. Bilateral Strength Exercises in Female Team Handball Players – A Cross-Sectional Study,Int J Sports Phys Ther. 2021 Jun 1;16(3):704–14. doi: 10.26603/001c.24150
PMC8169007,1,CC BY-NC-SA,10.26603/001c.22085,2,4,Osteochondral Allograft Transplantation in Professional Athletes: Rehabilitation and Return to Play,Int J Sports Phys Ther. 2021 Jun 2;16(3):941–58. doi: 10.26603/001c.22085
PMC8169025,1,CC BY-NC-SA,10.26603/001c.23549,6,12,Recommendations for Plyometric Training after ACL Reconstruction – A Clinical Commentary,Int J Sports Phys Ther. 2021 Jun 1;16(3):879–95. doi: 10.26603/001c.23549
PMC8185256,1,CC BY-NC-SA,,1,2,Rehabilitation in paraneoplastic stiff-person syndrome – Case Report,J Musculoskelet Neuronal Interact. 2021;21(2):322–5.
PMC8253069,1,CC BY-NC-ND,10.20471/acc.2020.59.04.11,1,1,THE (A)SYMMETRY OF THE MALE GRAYING BEARD HAIRS AS AN INDICATION OF THE PROGRAMMED AGING PROCESS,Acta Clin Croat. 2020 Dec;59(4):650–60. doi: 10.20471/acc.2020.59.04.11
PMC8255699,1,CC BY-NC,10.1159/000515567,1,2,Severe Bilateral Photophobia and Unilateral Abducens Nerve Palsy: An Unusual Presentation of Herpes Zoster Ophthalmicus,Case Rep Ophthalmol. 2021 Jun 14;12(2):543–7. doi: 10.1159/000515567
PMC8255762,1,CC BY-NC,10.14245/ns.2040684.342,1,2,Telemedicine in Neurosurgery: Standardizing the Spinal Physical Examination Using A Modified Delphi Method,Neurospine. 2021 Jun 30;18(2):292–302. doi: 10.14245/ns.2040684.342
PMC8258829,1,CC BY-NC-ND,10.1177/2192568220947744,2,4,The Virtual Spine Examination: Telemedicine in the Era of COVID-19 and Beyond,Global Spine J. 2020 Jul 31;11(6):966–74. doi: 10.1177/2192568220947744
PMC8258921,1,CC BY-NC,10.5001/omj.2021.26,6,12,Congenital Eyelid Anomalies: What General Physicians Need To Know,Oman Med J. 2021 Jul 6;36(4):e279. doi: 10.5001/omj.2021.26
PMC8267038,1,CC BY-NC,10.1177/2050313X211031332,2,4,An unusual case of facial nerve palsy due to minor face trauma: A rare case report,SAGE Open Med Case Rep. 2021 Jul 7;9:2050313X211031332. doi: 10.1177/2050313X211031332
PMC8329322,1,CC BY-NC-SA,10.26603/001c.25463,1,2,ACL Return to Sport Testing: It’s Time to Step up Our Game,Int J Sports Phys Ther. 2021 Aug 1;16(4):1169–77. doi: 10.26603/001c.25463
PMC8343673,1,CC BY-NC,10.5005/jp-journals-10005-1926,1,2,Orofacial Myofunctional Therapy in Tongue Thrust Habit: A Narrative Review,Int J Clin Pediatr Dent. 2021 Mar-Apr;14(2):298–303. doi: 10.5005/jp-journals-10005-1926
PMC8343679,1,CC BY-NC,10.5005/jp-journals-10005-1922,1,2,“West Syndrome—Infantile Spasms”: A Pediatric Case Report,Int J Clin Pediatr Dent. 2021 Mar-Apr;14(2):323–6. doi: 10.5005/jp-journals-10005-1922
PMC8354577,1,CC BY-NC-ND,10.1055/a-1331-2469,2,4,"Rare Diseases of the Nose, the Paranasal Sinuses, and the Anterior Skull Base",Laryngorhinootologie. 2021 Apr 30;100(Suppl 1):S1–S44. doi: 10.1055/a-1331-2469
PMC8357077,1,CC BY-NC-ND,10.1002/ccr3.4581,1,2,First report of rheumatoid arthritis and secondary Sjögren's syndrome complicated with heart failure,Clin Case Rep. 2021 Aug 11;9(8):e04581. doi: 10.1002/ccr3.4581
PMC8365778,1,CC BY-NC-ND,10.1055/a-1384-4641,2,4,Rare Diseases of the Orbit,Laryngorhinootologie. 2021 Apr 30;100(Suppl 1):S1–S79. doi: 10.1055/a-1384-4641
PMC8396371,1,CC BY-NC,10.2147/PGPM.S320128,1,2,A Chinese Boy with Mowat–Wilson Syndrome Caused by a 10 bp Deletion in the ZEB2 Gene,Pharmgenomics Pers Med. 2021 Aug 23;14:1041–5. doi: 10.2147/PGPM.S320128
PMC8405095,1,CC BY-NC,10.2147/CCID.S294812,1,2,Treating Aging Changes of Facial Anatomical Layers with Hyaluronic Acid Fillers,Clin Cosmet Investig Dermatol. 2021 Aug 26;14:1105–18. doi: 10.2147/CCID.S294812
PMC8407636,1,CC BY-NC-SA,10.4103/2231-0746.322266,1,2,In Memory and Tribute to Prof. Kenneth E. Salyer – Surgeon Par Excellence: 1936-2020,Ann Maxillofac Surg. 2021 Jul 24;11(1):3–5. doi: 10.4103/2231-0746.322266
PMC8413662,1,CC BY-NC-ND,10.1016/j.jdcr.2021.07.029,1,2,Ophiasis treated with dupilumab,JAAD Case Rep. 2021 Aug 19;16:1–4. doi: 10.1016/j.jdcr.2021.07.029
PMC8432966,1,CC BY-NC-ND,10.1055/a-1331-2851,1,2,"Rare Diseases of the Oral Cavity, Neck, and Pharynx",Laryngorhinootologie. 2021 Apr 30;100(Suppl 1):S1–S24. doi: 10.1055/a-1331-2851
PMC8435881,1,CC BY-NC,10.2147/CCID.S311017,2,4,Consensus on the Use of Hyaluronic Acid Fillers from the Cohesive Polydensified Matrix Range: Best Practice in Specific Facial Indications,Clin Cosmet Investig Dermatol. 2021 Sep 8;14:1175–99. doi: 10.2147/CCID.S311017
PMC8446254,1,CC BY-NC-ND,10.1016/j.htct.2020.05.004,1,2,Effectiveness of a home-based therapeutic exercise program on lower back pain and functionality in Sickle Cell Disease (SCD) patients,Hematol Transfus Cell Ther. 2020 Jun 25;43(3):268–79. doi: 10.1016/j.htct.2020.05.004
PMC8547668,1,CC BY-NC-SA,10.4103/0974-9233.326666,2,4,Recurrent Tubercular Episcleritis,Middle East Afr J Ophthalmol. 2021 Sep 25;28(2):140–2. doi: 10.4103/0974-9233.326666
PMC8559880,1,CC BY-NC-SA,10.4103/ijoem.IJOEM_223_20,1,2,"The Relationship of Grip and Pinch Strength to Musculoskeletal Disorders in Female Carpet Weavers in Southeastern Iran, 2019",Indian J Occup Environ Med. 2021 Oct 9;25(3):138–46. doi: 10.4103/ijoem.IJOEM_223_20
PMC8564703,1,CC BY-NC,10.1093/asj/sjab195,2,4,Hybrid Implant and Grafted Fat Breast Augmentation: Designing the Pathway to a Future With Breasts Free of Silicone Breast Implants,Aesthet Surg J. 2021 May 4;41(11):NP1473–85. doi: 10.1093/asj/sjab195
PMC8585908,1,CC BY-NC,10.5005/jp-journals-10005-1999,1,2,Novel Treatment Approach of Oral Submucous Fibrosis in a 6-year-old Girl: A Case Report,Int J Clin Pediatr Dent. 2021 Jul-Aug;14(4):575–9. doi: 10.5005/jp-journals-10005-1999
PMC8637265,1,CC BY-NC,10.26603/001c.29923,2,4,The Youth Throwers Ten Exercise Program: A variation of an exercise series for enhanced dynamic shoulder control in the youth overhead throwing athlete,Int J Sports Phys Ther. 2021 Dec 1;16(6):1387–95. doi: 10.26603/001c.29923
PMC8637294,1,CC BY-NC,10.26603/001c.29871,1,2,Can a Modified Y-Balance Test Predict Running Overuse Injuries over the Course of a Division I Collegiate Cross-Country Season?,Int J Sports Phys Ther. 2021 Dec 1;16(6):1434–41. doi: 10.26603/001c.29871
PMC8648273,1,CC BY-NC,10.2147/ORR.S342738,1,2,Modified Ponseti Technique in an Eleven-Year-Old with Bilateral Untreated Clubfoot: A Case Report,Orthop Res Rev. 2021 Dec 2;13:247–54. doi: 10.2147/ORR.S342738
PMC8673941,1,CC BY-NC,10.1177/24730114211019371,1,2,Previsit Patient Instructional Video for the Virtual Orthopedic Foot and Ankle Examination,Foot Ankle Orthop. 2021 Jul 7;6(3):24730114211019371. doi: 10.1177/24730114211019371
PMC8719980,1,CC BY-NC-ND,10.1055/s-0041-1739255,1,2,Complications of Hair Transplant Procedures—Causes and Management,Indian J Plast Surg. 2021 Dec 31;54(4):477–82. doi: 10.1055/s-0041-1739255
PMC8772496,1,CC BY-NC-SA,10.4103/joco.joco_114_20,1,2,Ocular Abnormal Head Posture: A Literature Review,J Curr Ophthalmol. 2022 Jan 6;33(4):379–87. doi: 10.4103/joco.joco_114_20
PMC8805104,1,CC BY-NC,10.26603/001c.31953,1,2,Optimizing Performance in Return to Play After Sport-Related Concussion in Elite Ice Hockey Players: A Sports Physical Therapy and Athletic Trainer Perspective,Int J Sports Phys Ther. 2022 Feb 1;17(2):317–26. doi: 10.26603/001c.31953
PMC8811515,1,CC BY-NC-ND,10.1016/j.asmr.2021.09.030,1,2,Rehabilitation and Return to Sport After Medial Patellofemoral Complex Reconstruction,Arthrosc Sports Med Rehabil. 2022 Jan 28;4(1):e133–40. doi: 10.1016/j.asmr.2021.09.030
PMC8855428,1,CC BY-NC,10.1177/25158414211059247,4,7,"Floppy eyelid, an under-diagnosed syndrome: a review of demographics, pathogenesis, and treatment",Ther Adv Ophthalmol. 2021 Dec 5;13:25158414211059247. doi: 10.1177/25158414211059247
PMC8964924,1,CC BY-NC-ND,10.1002/emp2.12714,1,2,A 37‐year‐old woman with painful unilateral vision loss,J Am Coll Emerg Physicians Open. 2022 Mar 29;3(2):e12714. doi: 10.1002/emp2.12714
PMC8985157,1,CC BY-NC,10.1039/d1ra07888g,1,2,Wearable microfluidic-based e-skin sweat sensors,RSC Adv. 2022 Mar 18;12(14):8691–707. doi: 10.1039/d1ra07888g
PMC9009854,1,CC BY-NC-ND,10.4103/CMAC.CMAC_29_20,1,2,"Prevention and Treatment of “Epidemic Toxin, Pathogenic Dampness, and Lung Deficiency” after COVID-19 Recovery Based on the Theory of “Preventive Treatment of Diseases” in Traditional Chinese Medicine",Chin Med Cult. 2020 Sep 22;3(3):181–8. doi: 10.4103/CMAC.CMAC_29_20
PMC9017850,1,CC BY-NC-SA,10.4103/jomfp.jomfp_400_21,1,2,Epithelial-myoepithelial carcinoma ex pleomorphic adenoma of the parotid gland with unique histologic differentiation: A rare case report,J Oral Maxillofac Pathol. 2022 Feb 28;26(Suppl 1):S34–9. doi: 10.4103/jomfp.jomfp_400_21
PMC9051670,1,CC BY-NC-SA,10.4103/jfmpc.jfmpc_990_21,1,2,Primary care in early cleft lip and palate rehabilitation: A dental perspective,J Family Med Prim Care. 2022 Mar 10;11(3):1212–5. doi: 10.4103/jfmpc.jfmpc_990_21
PMC9111728,1,CC BY-NC,10.1111/geoj.12438,1,2,"Student loneliness through the pandemic: How, why and where?",Geogr J. 2022 Mar 31;188(2):277–93. doi: 10.1111/geoj.12438
PMC9132504,1,CC BY-NC-SA,10.4103/jips.jips_228_21,1,2,Comparative evaluation of effect of microcurrent electrical stimulation on acupoints to control gag reflex in patients receiving prosthodontic treatment: An in vivo study,J Indian Prosthodont Soc. 2022 Apr 13;22(2):188–94. doi: 10.4103/jips.jips_228_21
PMC9159710,1,CC BY-NC,10.26603/001c.35591,1,2,The Effect of Self-Myofascial Release on the Pennation Angle of the Vastus Medialis Oblique and the Vastus Lateralis in Athletic Male Individuals: An Ultrasound Investigation,Int J Sports Phys Ther. 2022 Jun 1;17(4):636–42. doi: 10.26603/001c.35591
PMC9178979,1,CC BY-NC-ND,10.1177/20552076221104669,2,4,Healthcare in the hand: Patients’ use of handheld technology in video consultations with their general practitioner,Digit Health. 2022 Jun 6;8:20552076221104669. doi: 10.1177/20552076221104669
PMC9198664,1,CC BY-NC,10.1177/20101058211041411,1,2,Teledental Consultations Using a Messaging Application during the COVID-19 Pandemic: Experience from a Singapore COVID-19 Community Care Facility,Proceedings of Singapore Healthcare. 2021 Sep 30;31:20101058211041411. doi: 10.1177/20101058211041411
PMC9249291,1,CC BY-NC,10.3233/VES-200710,1,2,Sport-specific differences in dynamic visual acuity and gaze stabilization in division-I collegiate athletes,J Vestib Res. 2020 Oct 17;30(4):249–57. doi: 10.3233/VES-200710
PMC9262137,1,CC BY-NC-ND,10.1503/cmaj.211069-f,1,2,Grossesse de substitution durant la pandémie de COVID-19,CMAJ. 2022 Jun 13;194(23):E827–9. [Article in French] doi: 10.1503/cmaj.211069-f
PMC9263775,1,CC BY-NC-ND,10.21037/atm-22-1021,1,2,"The iPad/iPhone 3D photography app—a promising device, but how about its accuracy?",Ann Transl Med. 2022 Jun;10(11):649. doi: 10.21037/atm-22-1021
PMC9292157,1,CC BY-NC-ND,10.1111/jocd.14038,1,2,Mid‐face reshaping using threads with bidirectional convergent barbs: A retrospective study,J Cosmet Dermatol. 2021 Apr 5;20(6):1591–7. doi: 10.1111/jocd.14038
PMC9303237,1,CC BY-NC,10.1111/hae.14498,1,2,Safety and efficacy of a self‐induced myofascial release protocol using a foam roller in patients with haemophilic knee arthropathy,Haemophilia. 2022 Jan 30;28(2):326–33. doi: 10.1111/hae.14498
PMC9306113,1,CC BY-NC-SA,10.4103/jmas.jmas_263_21,1,2,Axillary channel-assisted TOETVA: An effective way to prevent mental nerve from iatrogenic injury?,J Minim Access Surg. 2022 May 27;18(3):450–8. doi: 10.4103/jmas.jmas_263_21
PMC9329080,1,CC BY-NC-ND,10.1097/GOX.0000000000004453,1,2,Comprehensive Treatment and Reconstructive Algorithm for Functional Restoration after Ballistic Facial Injury,Plast Reconstr Surg Glob Open. 2022 Jul 27;10(7):e4453. doi: 10.1097/GOX.0000000000004453
PMC9340824,1,CC BY-NC,10.26603/001c.36631,1,2,Effects of a Groin Pain Prevention Program in Male High School Soccer Players: A Cluster-Randomized Controlled Trial,Int J Sports Phys Ther. 2022 Aug 1;17(5):841–50. doi: 10.26603/001c.36631
PMC9364457,1,CC BY-NC-SA,10.4103/JCAS.JCAS_68_21,1,2,Incobotulinum Toxin A with a One-year Long-lasting Effect for Trapezius Contouring and Superior Efficacy for the Treatment of Trapezius Myalgia,J Cutan Aesthet Surg. 2022 Apr-Jun;15(2):168–74. doi: 10.4103/JCAS.JCAS_68_21
PMC9398088,1,CC BY-NC,10.3233/JPD-223162,1,2,Challenges of Incorporating Digital Health Technology Outcomes in a Clinical Trial: Experiences from PD STAT,J Parkinsons Dis. 2022 Jul 8;12(5):1605–9. doi: 10.3233/JPD-223162
PMC9425905,1,CC BY-NC-ND,10.1177/23259671221117826,1,2,Video Analysis of Pectoralis Major Injuries in Professional Australian Football Players,Orthop J Sports Med. 2022 Aug 24;10(8):23259671221117826. doi: 10.1177/23259671221117826
PMC9452792,1,CC BY-NC,10.1177/11795476221122649,1,2,Concurrent Intracranial Hypertension and Bilateral Optic Neuritis in a Patient With Systemic Lupus Erythematosus: A Case Report,Clin Med Insights Case Rep. 2022 Sep 6;15:11795476221122649. doi: 10.1177/11795476221122649
PMC9469215,1,CC BY-NC-SA,10.4103/jpbs.jpbs_62_22,1,2,Innovative Technique for Fabrication of Forefinger Prosthesis,J Pharm Bioallied Sci. 2022 Jul 13;14(Suppl 1):S1033–7. doi: 10.4103/jpbs.jpbs_62_22
PMC9509013,1,CC BY-NC,10.2147/CCID.S385057,1,2,Upper Eyelid Blepharoplasty Improved the Overall Periorbital Aesthetics Ratio by Enhancing Harmony Between the Eyes and Eyebrows,Clin Cosmet Investig Dermatol. 2022 Sep 20;15:1969–78. doi: 10.2147/CCID.S385057
PMC9512239,1,CC BY-NC-ND,10.1097/PRS.0000000000009564,1,2,Natural Reconstruction: A Comprehensive Standardized Operating Procedure for Restoring Eyebrow Loss Due to Scarring,Plast Reconstr Surg. 2022 Aug 4;150(4):877–86. doi: 10.1097/PRS.0000000000009564
PMC9528696,1,CC BY-NC,10.26603/001c.36964,1,2,Vibration Therapy – A Clinical Commentary,Int J Sports Phys Ther. 2022 Aug 1;17(6):984–7. doi: 10.26603/001c.36964
PMC9528716,1,CC BY-NC,10.26603/001c.38327,1,2,Exploring the Effects of a Neck Strengthening Program on Purposeful Soccer Heading Biomechanics and Neurocognition,Int J Sports Phys Ther. 2022 Oct 2;17(6):1043–52. doi: 10.26603/001c.38327
PMC9528722,1,CC BY-NC,10.26603/001c.38168,2,4,The Management of Valgus Extension Overload Syndrome Experienced with Hitting in a High School Baseball Player: A Case Report,Int J Sports Phys Ther. 2022 Oct 1;17(6):1156–69. doi: 10.26603/001c.38168
PMC9531732,1,CC BY-NC-SA,10.4103/jwas.jwas_74_22,1,1,Osteosarcoma Arising From a Cervical Teratoma in a 4-year Old Child: A Report of a Rare Case and Literature Review,J West Afr Coll Surg. 2022 Aug 23;12(1):91–4. doi: 10.4103/jwas.jwas_74_22
PMC9555603,1,CC BY-NC-ND,10.1097/GOX.0000000000004610,1,2,Facial Pressure Sores in COVID-19 Patients during Prone Positioning: A Case Series and Literature Review,Plast Reconstr Surg Glob Open. 2022 Oct 12;10(10):e4610. doi: 10.1097/GOX.0000000000004610
PMC9618245,1,CC BY-NC,10.2147/CCID.S360801,1,2,Diagnosis and Management of Cutaneous Manifestations of Autoimmune Connective Tissue Diseases,Clin Cosmet Investig Dermatol. 2022 Oct 26;15:2285–312. doi: 10.2147/CCID.S360801
PMC9648327,1,CC BY-NC-SA,10.4103/jfmpc.jfmpc_1864_21,1,2,Miller Fisher syndrome associated with COVID 19,J Family Med Prim Care. 2022 Jul 22;11(7):4023–5. doi: 10.4103/jfmpc.jfmpc_1864_21
PMC9718688,1,CC BY-NC,10.26603/001c.39796,2,4,Progressive Loading in a Strongman Following Distal Biceps Repair: Re-Thinking Load Progression – A Case Report,Int J Sports Phys Ther. 2022 Nov 1;17(7):1430–41. doi: 10.26603/001c.39796
PMC9718695,1,CC BY-NC,10.26603/001c.39614,1,2,The Use of the Internal Brace to Repair the UCL Injury of the Elbow in Athletes,Int J Sports Phys Ther. 2022 Dec 1;17(7):1208–18. doi: 10.26603/001c.39614
PMC9804770,1,CC BY-NC-ND,10.1002/ajmg.a.62949,1,2,Expanding the phenotype of TAB2 variants and literature review,Am J Med Genet A. 2022 Aug 16;188(11):3331–42. doi: 10.1002/ajmg.a.62949
PMC9808559,1,CC BY-NC,10.1101/mcs.a006253,1,2,Germline mosaicism in a family with MBD5 haploinsufficiency,Cold Spring Harb Mol Case Stud. 2022 Dec;8(7):a006253. doi: 10.1101/mcs.a006253
PMC9826694,1,CC BY-NC-SA,10.13107/jocr.2022.v12.i07.2900,1,2,Management Dilemma of a Neuropathic Knee in a Known Case of Larsen Syndrome: A Case Report,J Orthop Case Rep. 2022 Jul;12(7):22–6. doi: 10.13107/jocr.2022.v12.i07.2900
PMC9840758,1,CC BY-NC,10.52547/wjps.11.3.95,1,2,Bilateral Clinodactyly of the Index and Middle Fingers Because of Proximal Delta Phalanx,World J Plast Surg. 2022 Aug;11(3):95–7. doi: 10.52547/wjps.11.3.95
PMC9870213,1,CC BY-NC-ND,10.1097/GOX.0000000000004778,1,2,M-shaped Genioplasty: New Findings after 10 Years of Experience,Plast Reconstr Surg Glob Open. 2023 Jan 23;11(1):e4778. doi: 10.1097/GOX.0000000000004778
PMC9897012,1,CC BY-NC,10.26603/001c.67988,2,4,The Need To Change Return to Play Testing in Athletes Following ACL Injury: A Theoretical Model,Int J Sports Phys Ther. 2023 Feb 1;18(1):272–81. doi: 10.26603/001c.67988
PMC9981577,1,CC BY-NC-ND,10.1002/ccr3.7015,1,2,A rare case of hereditary sensory and autonomic neuropathy type II,Clin Case Rep. 2023 Mar 2;11(3):e7015. doi: 10.1002/ccr3.7015
PMC9983399,1,CC BY-NC-SA,10.13107/jocr.2022.v12.i09.3330,1,2,Osteoid Osteoma of the Distal Phalanx of Little Finger,J Orthop Case Rep. 2022 Sep;12(9):88–91. doi: 10.13107/jocr.2022.v12.i09.3330
